code,name,site
010006,北海道,http://www.pref.hokkaido.lg.jp/
011002,札幌市,http://www.city.sapporo.jp/
011011,中央区,http://www.city.sapporo.jp/chuo/
011029,北区,http://www.city.sapporo.jp/kitaku/
011037,東区,http://www.city.sapporo.jp/higashi/
011045,白石区,http://www.city.sapporo.jp/shiroishi/
011053,豊平区,http://www.city.sapporo.jp/toyohira/
011061,南区,http://www.city.sapporo.jp/minami/
011070,西区,http://www.city.sapporo.jp/nishi/
011088,厚別区,http://www.city.sapporo.jp/atsubetsu/
011096,手稲区,http://www.city.sapporo.jp/teine/
011100,清田区,http://www.city.sapporo.jp/kiyota/
012025,函館市,http://www.city.hakodate.hokkaido.jp/
012033,小樽市,http://www.city.otaru.lg.jp/
012041,旭川市,http://www.city.asahikawa.hokkaido.jp/
012050,室蘭市,http://www.city.muroran.lg.jp/
012050,室蘭市,http://www.city.muroran.lg.jp/main/org2260/odlib.php
012068,釧路市,https://www.city.kushiro.lg.jp/
012076,帯広市,http://www.city.obihiro.hokkaido.jp/
012084,北見市,http://www.city.kitami.lg.jp/
012092,夕張市,http://www.city.yubari.lg.jp/
012106,岩見沢市,http://www.city.iwamizawa.hokkaido.jp/
012114,網走市,http://www.city.abashiri.hokkaido.jp/
012122,留萌市,http://www.e-rumoi.jp/
012131,苫小牧市,http://www.city.tomakomai.hokkaido.jp/
012149,稚内市,https://www.city.wakkanai.hokkaido.jp/
012157,美唄市,http://www.city.bibai.hokkaido.jp/
012165,芦別市,http://www.city.ashibetsu.hokkaido.jp/
012173,江別市,http://www.city.ebetsu.hokkaido.jp/
012181,赤平市,http://www.city.akabira.hokkaido.jp/
012190,紋別市,http://mombetsu.jp/
012203,士別市,http://www.city.shibetsu.lg.jp/
012211,名寄市,http://www.city.nayoro.lg.jp/
012220,三笠市,http://www.city.mikasa.hokkaido.jp/
012238,根室市,https://www.city.nemuro.hokkaido.jp/
012246,千歳市,http://www.city.chitose.hokkaido.jp/
012254,滝川市,http://www.city.takikawa.hokkaido.jp/
012262,砂川市,http://www.city.sunagawa.hokkaido.jp/
012271,歌志内市,http://www.city.utashinai.hokkaido.jp/
012289,深川市,http://www.city.fukagawa.lg.jp/
012297,富良野市,http://www.city.furano.hokkaido.jp/
012301,登別市,http://www.city.noboribetsu.lg.jp/
012319,恵庭市,http://www.city.eniwa.hokkaido.jp/
012335,伊達市,http://www.city.date.hokkaido.jp/
012343,北広島市,https://www.city.kitahiroshima.hokkaido.jp/
012351,石狩市,http://www.city.ishikari.hokkaido.jp/
012360,北斗市,http://www.city.hokuto.hokkaido.jp/
013030,当別町,http://www.town.tobetsu.hokkaido.jp/
013048,新篠津村,http://www.vill.shinshinotsu.hokkaido.jp/
013315,松前町,http://www.town.matsumae.hokkaido.jp/
013323,福島町,http://www.town.fukushima.hokkaido.jp/
013331,知内町,http://www.town.shiriuchi.hokkaido.jp/
013340,木古内町,http://www.town.kikonai.hokkaido.jp/
013374,七飯町,http://www.town.nanae.hokkaido.jp/
013439,鹿部町,http://www.town.shikabe.lg.jp/
013455,森町,http://www.town.hokkaido-mori.lg.jp/
013463,八雲町,http://www.town.yakumo.lg.jp/
013471,長万部町,http://www.town.oshamambe.lg.jp/
013617,江差町,http://www.hokkaido-esashi.jp/
013625,上ノ国町,http://www.town.kaminokuni.lg.jp/
013633,厚沢部町,http://www.town.assabu.lg.jp/
013641,乙部町,http://www.town.otobe.lg.jp/
013676,奥尻町,http://www.town.okushiri.lg.jp/
013706,今金町,http://www.town.imakane.lg.jp/
013714,せたな町,http://www.town.setana.lg.jp/
013919,島牧村,http://www.vill.shimamaki.lg.jp/
013927,寿都町,http://www.town.suttu.lg.jp/
013935,黒松内町,http://www.kuromatsunai.com/
013943,蘭越町,http://www.town.rankoshi.hokkaido.jp/
013951,ニセコ町,http://www.town.niseko.lg.jp/
013960,真狩村,http://www.vill.makkari.lg.jp/
013978,留寿都村,http://www.vill.rusutsu.lg.jp/
013986,喜茂別町,http://www.town.kimobetsu.hokkaido.jp/
013994,京極町,http://www.town-kyogoku.jp/
014001,倶知安町,http://www.town.kutchan.hokkaido.jp/
014010,共和町,http://www.town.kyowa.hokkaido.jp/
014028,岩内町,http://www.town.iwanai.hokkaido.jp/
014036,泊村,http://www.vill.tomari.hokkaido.jp/
014044,神恵内村,http://www.vill.kamoenai.hokkaido.jp/
014052,積丹町,http://www.town.shakotan.hokkaido.jp/
014061,古平町,http://www.town.furubira.lg.jp/
014079,仁木町,http://www.town.niki.hokkaido.jp/
014087,余市町,http://www.town.yoichi.hokkaido.jp/
014095,赤井川村,http://www.akaigawa.com/
014231,南幌町,http://www.town.nanporo.hokkaido.jp/
014249,奈井江町,http://www.town.naie.hokkaido.jp/
014257,上砂川町,http://town.kamisunagawa.hokkaido.jp/
014273,由仁町,http://www.town.yuni.lg.jp/
014281,長沼町,http://www.maoi-net.jp/
014290,栗山町,http://www.town.kuriyama.hokkaido.jp/
014303,月形町,http://www.town.tsukigata.hokkaido.jp/
014311,浦臼町,http://www.town.urausu.hokkaido.jp/
014320,新十津川町,http://www.town.shintotsukawa.lg.jp/
014338,妹背牛町,http://www.town.moseushi.hokkaido.jp/
014346,秩父別町,http://www.town.chippubetsu.hokkaido.jp/
014362,雨竜町,http://www.town.uryu.hokkaido.jp/
014371,北竜町,http://www.town.hokuryu.hokkaido.jp/
014389,沼田町,http://www.town.numata.hokkaido.jp/
014524,鷹栖町,http://www.town.takasu.hokkaido.jp/
014532,東神楽町,http://www.town.higashikagura.lg.jp/
014541,当麻町,http://town.tohma.hokkaido.jp/
014559,比布町,http://www.town.pippu.hokkaido.jp/
014567,愛別町,http://www.town.aibetsu.hokkaido.jp/
014575,上川町,http://www.town.hokkaido-kamikawa.lg.jp/
014583,東川町,http://town.higashikawa.hokkaido.jp/
014591,美瑛町,http://town.biei.hokkaido.jp/
014605,上富良野町,http://www.town.kamifurano.hokkaido.jp/
014613,中富良野町,http://www.town.nakafurano.lg.jp/
014621,南富良野町,http://www.town.minamifurano.hokkaido.jp/
014630,占冠村,http://www.vill.shimukappu.lg.jp/
014648,和寒町,http://www.town.wassamu.hokkaido.jp/
014656,剣淵町,http://www.town.kembuchi.hokkaido.jp/
014681,下川町,http://www.town.shimokawa.hokkaido.jp/
014699,美深町,http://www.town.bifuka.hokkaido.jp/
014702,音威子府村,http://www.vill.otoineppu.hokkaido.jp/
014711,中川町,http://www.town.nakagawa.hokkaido.jp/
014729,幌加内町,http://www.town.horokanai.hokkaido.jp/
014818,増毛町,http://www.town.mashike.hokkaido.jp/
014826,小平町,http://www.town.obira.hokkaido.jp/
014834,苫前町,http://www.town.tomamae.lg.jp/
014842,羽幌町,http://www.town.haboro.lg.jp/
014851,初山別村,http://www.vill.shosanbetsu.lg.jp/
014869,遠別町,http://www.town.embetsu.hokkaido.jp/
014877,天塩町,http://www.teshiotown.hokkaido.jp/
015113,猿払村,http://www.vill.sarufutsu.hokkaido.jp/
015121,浜頓別町,http://www.town.hamatonbetsu.hokkaido.jp/
015130,中頓別町,http://www.town.nakatombetsu.hokkaido.jp/
015148,枝幸町,http://www.esashi.jp/
015164,豊富町,http://www.town.toyotomi.hokkaido.jp/
015172,礼文町,http://www.town.rebun.hokkaido.jp/
015181,利尻町,http://www.town.rishiri.hokkaido.jp/
015199,利尻富士町,http://www.town.rishirifuji.hokkaido.jp/
015202,幌延町,http://www.town.horonobe.hokkaido.jp/
015431,美幌町,http://www.town.bihoro.hokkaido.jp/
015440,津別町,http://www.town.tsubetsu.hokkaido.jp/
015458,斜里町,http://www.town.shari.hokkaido.jp/
015466,清里町,http://www.town.kiyosato.hokkaido.jp/
015474,小清水町,http://www.town.koshimizu.hokkaido.jp/
015491,訓子府町,http://www.town.kunneppu.hokkaido.jp/
015504,置戸町,http://www.town.oketo.hokkaido.jp/
015521,佐呂間町,http://www.town.saroma.hokkaido.jp/
015555,遠軽町,http://engaru.jp/
015598,湧別町,http://www.town.yubetsu.lg.jp/
015601,滝上町,http://www.town.takinoue.hokkaido.jp/
015610,興部町,http://www.town.okoppe.lg.jp/
015628,西興部村,http://www.vill.nishiokoppe.hokkaido.jp/
015636,雄武町,http://www.town.oumu.hokkaido.jp/
015644,大空町,http://www.town.ozora.hokkaido.jp/
015717,豊浦町,http://www.town.toyoura.hokkaido.jp/
015750,壮瞥町,http://www.town.sobetsu.lg.jp/
015784,白老町,http://www.town.shiraoi.hokkaido.jp/
015814,厚真町,http://www.town.atsuma.lg.jp/
015849,洞爺湖町,http://www.town.toyako.hokkaido.jp/
015857,安平町,http://www.town.abira.lg.jp/
015865,むかわ町,http://www.town.mukawa.lg.jp/
016012,日高町,http://www.town.hidaka.hokkaido.jp/
016021,平取町,http://www.town.biratori.hokkaido.jp/
016047,新冠町,http://www.niikappu.jp/
016071,浦河町,http://www.town.urakawa.hokkaido.jp/
016080,様似町,http://www.samani.jp/
016098,えりも町,http://www.town.erimo.lg.jp/
016101,新ひだか町,http://www.shinhidaka-hokkaido.jp/
016314,音更町,http://www.town.otofuke.hokkaido.jp/
016322,士幌町,http://www.shihoro.jp/
016331,上士幌町,http://www.kamishihoro.jp/
016349,鹿追町,https://www.town.shikaoi.lg.jp/
016357,新得町,http://www.shintoku-town.jp/
016365,清水町,http://www.town.shimizu.hokkaido.jp/
016373,芽室町,http://www.memuro.net/
016381,中札内村,http://www.vill.nakasatsunai.hokkaido.jp/
016390,更別村,http://www.sarabetsu.jp/
016411,大樹町,http://www.town.taiki.hokkaido.jp/
016420,広尾町,http://www.town.hiroo.hokkaido.jp/
016438,幕別町,http://www.town.makubetsu.lg.jp/
016446,池田町,http://www.town.hokkaido-ikeda.lg.jp/
016454,豊頃町,http://www.toyokoro.jp/
016462,本別町,http://www.town.honbetsu.hokkaido.jp/
016471,足寄町,http://www.town.ashoro.hokkaido.jp/
016489,陸別町,https://www.rikubetsu.jp/
016497,浦幌町,https://www.urahoro.jp/
016616,釧路町,http://www.town.kushiro.lg.jp/
016624,厚岸町,https://www.akkeshi-town.jp/
016632,浜中町,http://www.townhamanaka.jp/
016641,標茶町,http://www.town.shibecha.hokkaido.jp/
016659,弟子屈町,http://www.town.teshikaga.hokkaido.jp/
016675,鶴居村,http://www.vill.tsurui.lg.jp/
016683,白糠町,http://www.town.shiranuka.lg.jp/
016918,別海町,http://betsukai.jp/
016926,中標津町,http://www.nakashibetsu.jp/
016934,標津町,https://www.shibetsutown.jp/
016942,羅臼町,http://www.rausu-town.jp/
020001,青森県,http://www.pref.aomori.lg.jp
022012,青森市,http://www.city.aomori.aomori.jp/
022021,弘前市,http://www.city.hirosaki.aomori.jp/
022039,八戸市,https://www.city.hachinohe.aomori.jp/
022047,黒石市,http://www.city.kuroishi.aomori.jp/
022055,五所川原市,http://www.city.goshogawara.lg.jp/
022063,十和田市,http://www.city.towada.lg.jp/
022071,三沢市,http://www.city.misawa.lg.jp/
022080,むつ市,http://www.city.mutsu.lg.jp/
022098,つがる市,https://www.city.tsugaru.aomori.jp/
022101,平川市,http://www.city.hirakawa.lg.jp/
023019,平内町,http://www.town.hiranai.aomori.jp/
023035,今別町,http://www.town.imabetsu.lg.jp/
023043,蓬田村,http://www.vill.yomogita.lg.jp/
023078,外ヶ浜町,http://www.town.sotogahama.lg.jp/
023213,鰺ヶ沢町,http://www.town.ajigasawa.lg.jp/
023230,深浦町,http://www.town.fukaura.lg.jp/
023434,西目屋村,http://www.nishimeya.jp/
023612,藤崎町,http://www.town.fujisaki.lg.jp/
023621,大鰐町,http://www.town.owani.lg.jp/
023671,田舎館村,http://www.vill.inakadate.lg.jp/
023817,板柳町,http://www.town.itayanagi.aomori.jp/
023841,鶴田町,http://www.town.tsuruta.aomori.jp/
023876,中泊町,http://www.town.nakadomari.lg.jp/
024015,野辺地町,http://www.town.noheji.aomori.jp/
024023,七戸町,http://www.town.shichinohe.lg.jp/
024058,六戸町,http://www.town.rokunohe.aomori.jp/
024066,横浜町,http://www.town.yokohama.lg.jp/
024082,東北町,http://www.town.tohoku.lg.jp/
024112,六ヶ所村,http://www.rokkasho.jp/
024121,おいらせ町,http://www.town.oirase.aomori.jp/
024236,大間町,http://www.town.ooma.lg.jp/
024244,東通村,http://www.vill.higashidoori.lg.jp/
024252,風間浦村,http://www.kazamaura.jp/
024261,佐井村,http://www.vill.sai.lg.jp/
024414,三戸町,http://www.town.sannohe.aomori.jp/
024422,五戸町,http://www.town.gonohe.aomori.jp/
024431,田子町,http://www.town.takko.lg.jp/
024457,南部町,http://www.town.aomori-nanbu.lg.jp/
024465,階上町,http://www.town.hashikami.lg.jp/
024503,新郷村,http://www.vill.shingo.aomori.jp/
030007,岩手県,http://www.pref.iwate.jp
032018,盛岡市,http://www.city.morioka.iwate.jp/
032026,宮古市,http://www.city.miyako.iwate.jp/
032034,大船渡市,http://www.city.ofunato.iwate.jp/
032051,花巻市,https://www.city.hanamaki.iwate.jp/
032069,北上市,https://www.city.kitakami.iwate.jp/
032077,久慈市,https://www.city.kuji.iwate.jp/
032085,遠野市,http://www.city.tono.iwate.jp/
032093,一関市,https://www.city.ichinoseki.iwate.jp/
032107,陸前高田市,http://www.city.rikuzentakata.iwate.jp/
032115,釜石市,http://www.city.kamaishi.iwate.jp/
032131,二戸市,https://www.city.ninohe.lg.jp/
032140,八幡平市,http://www.city.hachimantai.lg.jp/
032158,奥州市,https://www.city.oshu.iwate.jp/
032166,滝沢市,http://www.city.takizawa.iwate.jp/
033014,雫石町,http://www.town.shizukuishi.iwate.jp/
033022,葛巻町,http://www.town.kuzumaki.iwate.jp/
033031,岩手町,http://town.iwate.iwate.jp/
033219,紫波町,http://www.town.shiwa.iwate.jp/
033227,矢巾町,http://www.town.yahaba.iwate.jp/
033669,西和賀町,http://www.town.nishiwaga.lg.jp/
033812,金ケ崎町,http://www.town.kanegasaki.iwate.jp/
034029,平泉町,http://www.town.hiraizumi.iwate.jp/
034410,住田町,http://www.town.sumita.iwate.jp/
034614,大槌町,http://www.town.otsuchi.iwate.jp/
034827,山田町,http://www.town.yamada.iwate.jp/
034835,岩泉町,http://www.town.iwaizumi.lg.jp/
034843,田野畑村,http://www.vill.tanohata.iwate.jp/
034851,普代村,http://www.vill.fudai.iwate.jp/
035017,軽米町,http://www.town.karumai.iwate.jp/
035033,野田村,http://www.vill.noda.iwate.jp/
035068,九戸村,http://www.vill.kunohe.iwate.jp/
035076,洋野町,http://www.town.hirono.iwate.jp/
035246,一戸町,http://www.town.ichinohe.iwate.jp/
040002,宮城県,http://www.pref.miyagi.lg.jp
041009,仙台市,http://www.city.sendai.jp/
041017,青葉区,http://www.city.sendai.jp/aobaku/
041025,宮城野区,http://www.city.sendai.jp/miyaginoku/
041033,若林区,http://www.city.sendai.jp/wakabayashi/
041041,太白区,http://www.city.sendai.jp/taihaku/
041050,泉区,http://www.city.sendai.jp/izumiku/
042021,石巻市,http://www.city.ishinomaki.lg.jp/
042030,塩竈市,https://www.city.shiogama.miyagi.jp/
042056,気仙沼市,http://www.kesennuma.miyagi.jp/
042064,白石市,http://www.city.shiroishi.miyagi.jp/
042072,名取市,https://www.city.natori.miyagi.jp/
042081,角田市,http://www.city.kakuda.lg.jp/
042099,多賀城市,https://www.city.tagajo.miyagi.jp/
042111,岩沼市,https://www.city.iwanuma.miyagi.jp/
042129,登米市,http://www.city.tome.miyagi.jp/
042137,栗原市,http://www.kuriharacity.jp/
042145,東松島市,https://www.city.higashimatsushima.miyagi.jp/
042153,大崎市,http://www.city.osaki.miyagi.jp/
042161,富谷市,https://www.tomiya-city.miyagi.jp/
043010,蔵王町,http://www.town.zao.miyagi.jp/
043028,七ヶ宿町,http://www.town.shichikashuku.miyagi.jp/
043214,大河原町,http://www.town.ogawara.miyagi.jp/
043222,村田町,http://www.town.murata.miyagi.jp/
043231,柴田町,http://www.town.shibata.miyagi.jp/
043249,川崎町,http://www.town.kawasaki.miyagi.jp/
043419,丸森町,http://www.town.marumori.miyagi.jp/
043613,亘理町,http://www.town.watari.miyagi.jp/
043621,山元町,http://www.town.yamamoto.miyagi.jp/
044016,松島町,http://www.town.miyagi-matsushima.lg.jp/
044041,七ヶ浜町,http://www.shichigahama.com/
044067,利府町,http://www.town.rifu.miyagi.jp/
044211,大和町,http://www.town.taiwa.miyagi.jp/
044229,大郷町,http://www.town.miyagi-osato.lg.jp/
044245,大衡村,http://www.village.ohira.miyagi.jp/
044440,色麻町,http://www.town.shikama.miyagi.jp/
044458,加美町,http://www.town.kami.miyagi.jp/
045012,涌谷町,http://www.town.wakuya.miyagi.jp/
045055,美里町,http://www.town.misato.miyagi.jp/
045811,女川町,http://www.town.onagawa.miyagi.jp/
046060,南三陸町,http://www.town.minamisanriku.miyagi.jp/
050008,秋田県,http://www.pref.akita.lg.jp
052019,秋田市,http://www.city.akita.akita.jp/
052027,能代市,http://www.city.noshiro.lg.jp/
052035,横手市,https://www.city.yokote.lg.jp/
052043,大館市,http://www.city.odate.akita.jp/
052060,男鹿市,http://www.city.oga.akita.jp/
052078,湯沢市,http://www.city-yuzawa.jp/
052094,鹿角市,http://www.city.kazuno.akita.jp/
052108,由利本荘市,http://www.city.yurihonjo.lg.jp/
052116,潟上市,http://www.city.katagami.lg.jp/
052124,大仙市,http://www.city.daisen.akita.jp/
052132,北秋田市,http://www.city.kitaakita.akita.jp/
052141,にかほ市,http://www.city.nikaho.akita.jp/
052159,仙北市,http://www.city.semboku.akita.jp/
053031,小坂町,http://www.town.kosaka.akita.jp/
053279,上小阿仁村,https://www.vill.kamikoani.akita.jp/
053465,藤里町,http://www.town.fujisato.akita.jp/
053481,三種町,http://www.town.mitane.akita.jp/
053490,八峰町,http://www.town.happou.akita.jp/
053619,五城目町,http://www.town.gojome.akita.jp/
053635,八郎潟町,http://www.town.hachirogata.akita.jp/
053660,井川町,http://www.town.ikawa.akita.jp/
053686,大潟村,http://www.ogata.or.jp/
054348,美郷町,http://www.town.misato.akita.jp/
054631,羽後町,https://www.town.ugo.lg.jp/
054640,東成瀬村,http://www.higashinaruse.com/
060003,山形県,http://www.pref.yamagata.jp/
062014,山形市,https://www.city.yamagata-yamagata.lg.jp/
062022,米沢市,http://www.city.yonezawa.yamagata.jp/
062031,鶴岡市,https://www.city.tsuruoka.lg.jp/
062049,酒田市,http://www.city.sakata.lg.jp/
062057,新庄市,http://www.city.shinjo.yamagata.jp/
062065,寒河江市,https://www.city.sagae.yamagata.jp/
062073,上山市,http://www.city.kaminoyama.yamagata.jp/
062081,村山市,http://www.city.murayama.lg.jp/
062090,長井市,http://www.city.nagai.yamagata.jp/
062103,天童市,https://www.city.tendo.yamagata.jp/
062111,東根市,http://www.city.higashine.yamagata.jp/
062120,尾花沢市,http://www.city.obanazawa.yamagata.jp/
062138,南陽市,http://www.city.nanyo.yamagata.jp/
063011,山辺町,http://www.town.yamanobe.yamagata.jp/
063029,中山町,http://www.town.nakayama.yamagata.jp/
063215,河北町,http://www.town.kahoku.yamagata.jp/
063223,西川町,http://www.town.nishikawa.yamagata.jp/
063231,朝日町,http://www.town.asahi.yamagata.jp/
063240,大江町,http://www.town.oe.yamagata.jp/
063410,大石田町,https://www.town.oishida.yamagata.jp/
063614,金山町,http://www.town.kaneyama.yamagata.jp/
063622,最上町,http://mogami.tv/
063631,舟形町,http://www.town.funagata.yamagata.jp/
063649,真室川町,http://www.yume-net.org/
063657,大蔵村,http://www.vill.ohkura.yamagata.jp/
063665,鮭川村,http://www.vill.sakegawa.yamagata.jp/
063673,戸沢村,http://www.vill.tozawa.yamagata.jp/
063819,高畠町,https://www.town.takahata.yamagata.jp/
063827,川西町,https://www.town.kawanishi.yamagata.jp/
064017,小国町,http://www.town.oguni.yamagata.jp/
064025,白鷹町,http://www.town.shirataka.lg.jp/
064033,飯豊町,https://www.town.iide.yamagata.jp/
064262,三川町,http://www.town.mikawa.yamagata.jp/
064289,庄内町,http://www.town.shonai.lg.jp/
064611,遊佐町,http://www.town.yuza.yamagata.jp/
070009,福島県,http://www.pref.fukushima.jp
072010,福島市,http://www.city.fukushima.fukushima.jp/
072028,会津若松市,https://www.city.aizuwakamatsu.fukushima.jp/
072036,郡山市,http://www.city.koriyama.fukushima.jp/
072044,いわき市,http://www.city.iwaki.lg.jp/
072052,白河市,http://www.city.shirakawa.fukushima.jp/
072079,須賀川市,http://www.city.sukagawa.fukushima.jp/
072087,喜多方市,https://www.city.kitakata.fukushima.jp/
072095,相馬市,http://www.city.soma.fukushima.jp/
072109,二本松市,http://www.city.nihonmatsu.lg.jp/
072117,田村市,http://www.city.tamura.lg.jp/
072125,南相馬市,http://www.city.minamisoma.lg.jp/
072133,伊達市,http://www.city.fukushima-date.lg.jp/
072141,本宮市,http://www.city.motomiya.lg.jp/
073016,桑折町,http://www.town.koori.fukushima.jp/
073032,国見町,http://www.town.kunimi.fukushima.jp/
073083,川俣町,http://www.town.kawamata.lg.jp/
073229,大玉村,https://www.vill.otama.fukushima.jp/
073423,鏡石町,http://www.town.kagamiishi.fukushima.jp/
073440,天栄村,http://www.vill.tenei.fukushima.jp/
073628,下郷町,http://town.shimogo.fukushima.jp/
073644,檜枝岐村,http://www.hinoemata.com/
073679,只見町,http://www.tadami.gr.jp/
073687,南会津町,http://www.minamiaizu.org/
074021,北塩原村,http://www.vill.kitashiobara.fukushima.jp/
074055,西会津町,https://www.town.nishiaizu.fukushima.jp/
074071,磐梯町,http://www.town.bandai.fukushima.jp/
074080,猪苗代町,http://www.town.inawashiro.fukushima.jp/
074217,会津坂下町,http://www.town.aizubange.fukushima.jp/
074225,湯川村,http://www.vill.yugawa.fukushima.jp/
074233,柳津町,http://www.town.yanaizu.fukushima.jp/
074446,三島町,http://www.town.mishima.fukushima.jp/
074454,金山町,http://www.town.kaneyama.fukushima.jp/
074462,昭和村,http://www.vill.showa.fukushima.jp/
074471,会津美里町,http://www.town.aizumisato.fukushima.jp/
074616,西郷村,http://www.vill.nishigo.fukushima.jp/
074641,泉崎村,http://www.vill.izumizaki.fukushima.jp/
074659,中島村,http://www.vill-nakajima.jp/
074667,矢吹町,http://www.town.yabuki.fukushima.jp/
074811,棚倉町,http://www.town.tanagura.fukushima.jp/
074829,矢祭町,http://www.town.yamatsuri.fukushima.jp/
074837,塙町,http://www.town.hanawa.fukushima.jp/
074845,鮫川村,http://www.vill.samegawa.fukushima.jp/
075019,石川町,http://www.town.ishikawa.fukushima.jp/
075027,玉川村,http://www.vill.tamakawa.fukushima.jp/
075035,平田村,http://www.vill.hirata.fukushima.jp/
075043,浅川町,http://www.town.asakawa.fukushima.jp/
075051,古殿町,http://www.town.furudono.fukushima.jp/
075213,三春町,http://www.town.miharu.fukushima.jp/
075221,小野町,http://www.town.ono.fukushima.jp/
075418,広野町,http://www.town.hirono.fukushima.jp/
075426,楢葉町,http://www.town.naraha.lg.jp/
075434,富岡町,http://www.tomioka-town.jp/
075442,川内村,http://www.kawauchimura.jp/
075451,大熊町,http://www.town.okuma.fukushima.jp/
075469,双葉町,http://www.town.fukushima-futaba.lg.jp/
075477,浪江町,http://www.town.namie.fukushima.jp/
075485,葛尾村,http://www.katsurao.org/
075612,新地町,http://www.shinchi-town.jp/
075647,飯舘村,http://www.vill.iitate.fukushima.jp/
080004,茨城県,http://www.pref.ibaraki.lg.jp
082015,水戸市,http://www.city.mito.lg.jp/
082023,日立市,http://www.city.hitachi.lg.jp/
082031,土浦市,https://www.city.tsuchiura.lg.jp/
082040,古河市,http://www.city.ibaraki-koga.lg.jp/
082058,石岡市,https://www.city.ishioka.lg.jp/
082074,結城市,http://www.city.yuki.lg.jp/
082082,龍ケ崎市,https://www.city.ryugasaki.ibaraki.jp/
082104,下妻市,http://www.city.shimotsuma.lg.jp/
082112,常総市,http://www.city.joso.lg.jp/
082121,常陸太田市,http://www.city.hitachiota.ibaraki.jp/
082147,高萩市,http://www.city.takahagi.ibaraki.jp/
082155,北茨城市,http://www.city.kitaibaraki.lg.jp/
082163,笠間市,https://www.city.kasama.lg.jp/
082171,取手市,https://www.city.toride.ibaraki.jp/
082198,牛久市,http://www.city.ushiku.lg.jp/
082201,つくば市,http://www.city.tsukuba.lg.jp/
082210,ひたちなか市,http://www.city.hitachinaka.lg.jp/
082228,鹿嶋市,http://www.city.kashima.ibaraki.jp/
082236,潮来市,http://www.city.itako.lg.jp/
082244,守谷市,https://www.city.moriya.ibaraki.jp/
082252,常陸大宮市,http://www.city.hitachiomiya.lg.jp/
082261,那珂市,http://www.city.naka.lg.jp/
082279,筑西市,https://www.city.chikusei.lg.jp/
082287,坂東市,http://www.city.bando.lg.jp/
082295,稲敷市,http://www.city.inashiki.lg.jp/
082309,かすみがうら市,https://www.city.kasumigaura.lg.jp/
082317,桜川市,http://www.city.sakuragawa.lg.jp/
082325,神栖市,http://www.city.kamisu.ibaraki.jp/
082333,行方市,http://www.city.namegata.ibaraki.jp/
082341,鉾田市,http://www.city.hokota.lg.jp/
082350,つくばみらい市,https://www.city.tsukubamirai.lg.jp/
082368,小美玉市,https://www.city.omitama.lg.jp/
083020,茨城町,http://www.town.ibaraki.lg.jp/
083097,大洗町,http://www.town.oarai.lg.jp/
083101,城里町,http://www.town.shirosato.lg.jp/
083411,東海村,http://www.vill.tokai.ibaraki.jp/
083640,大子町,http://www.town.daigo.ibaraki.jp/
084425,美浦村,http://www.vill.miho.lg.jp/
084433,阿見町,http://www.town.ami.lg.jp/
084476,河内町,http://www.town.ibaraki-kawachi.lg.jp/
085219,八千代町,http://www.town.ibaraki-yachiyo.lg.jp/
085421,五霞町,http://www.town.goka.lg.jp/
085464,境町,http://www.town.sakai.ibaraki.jp/
085642,利根町,http://www.town.tone.ibaraki.jp/
090000,栃木県,http://www.pref.tochigi.lg.jp
092011,宇都宮市,http://www.city.utsunomiya.tochigi.jp/
092029,足利市,http://www.city.ashikaga.tochigi.jp/
092037,栃木市,https://www.city.tochigi.lg.jp/
092045,佐野市,http://www.city.sano.lg.jp/
092053,鹿沼市,https://www.city.kanuma.tochigi.jp/
092061,日光市,https://www.city.nikko.lg.jp/
092088,小山市,http://www.city.oyama.tochigi.jp/
092096,真岡市,https://www.city.moka.lg.jp/
092100,大田原市,http://www.city.ohtawara.tochigi.jp/
092118,矢板市,http://www.city.yaita.tochigi.jp/
092134,那須塩原市,http://www.city.nasushiobara.lg.jp/
092142,さくら市,http://www.city.tochigi-sakura.lg.jp/
092151,那須烏山市,http://www.city.nasukarasuyama.lg.jp/
092169,下野市,https://www.city.shimotsuke.lg.jp/
093017,上三川町,http://www.town.kaminokawa.tochigi.jp/
093424,益子町,http://www.town.mashiko.tochigi.jp/
093432,茂木町,http://www.town.motegi.tochigi.jp/
093441,市貝町,http://www.town.ichikai.tochigi.jp/
093459,芳賀町,http://www.town.haga.tochigi.jp/
093611,壬生町,http://www.town.mibu.tochigi.jp/
093645,野木町,http://www.town.nogi.lg.jp/
093840,塩谷町,http://www.town.shioya.tochigi.jp/
093866,高根沢町,http://www.town.takanezawa.tochigi.jp/
094072,那須町,http://www.town.nasu.lg.jp/
094111,那珂川町,http://www.town.tochigi-nakagawa.lg.jp/
100005,群馬県,http://www.pref.gunma.jp/
102016,前橋市,https://www.city.maebashi.gunma.jp/
102024,高崎市,http://www.city.takasaki.gunma.jp/
102032,桐生市,http://www.city.kiryu.gunma.jp/
102041,伊勢崎市,http://www.city.isesaki.lg.jp/
102059,太田市,http://www.city.ota.gunma.jp/
102067,沼田市,http://www.city.numata.gunma.jp/
102075,館林市,http://www.city.tatebayashi.gunma.jp/
102083,渋川市,http://www.city.shibukawa.lg.jp/
102091,藤岡市,http://www.city.fujioka.gunma.jp/
102105,富岡市,http://www.city.tomioka.lg.jp/
102113,安中市,http://www.city.annaka.lg.jp/
102121,みどり市,http://www.city.midori.gunma.jp/
103446,榛東村,http://www.vill.shinto.gunma.jp/
103454,吉岡町,http://www.town.yoshioka.gunma.jp/
103667,上野村,http://www.uenomura.ne.jp/
103675,神流町,http://www.town.kanna.gunma.jp/
103829,下仁田町,http://www.town.shimonita.lg.jp/
103837,南牧村,http://www.nanmoku.ne.jp/
103845,甘楽町,http://www.town.kanra.gunma.jp/
104213,中之条町,http://www.town.nakanojo.gunma.jp/
104248,長野原町,http://www.town.naganohara.gunma.jp/
104256,嬬恋村,http://www.vill.tsumagoi.gunma.jp/
104264,草津町,http://www.town.kusatsu.gunma.jp/
104281,高山村,http://vill.takayama.gunma.jp/
104299,東吾妻町,http://www.town.higashiagatsuma.gunma.jp/
104434,片品村,http://www.vill.katashina.gunma.jp/
104442,川場村,http://www.vill.kawaba.gunma.jp/
104485,昭和村,http://www.vill.showa.gunma.jp/
104493,みなかみ町,http://www.town.minakami.gunma.jp/
104647,玉村町,http://www.town.tamamura.lg.jp/
105210,板倉町,http://www.town.itakura.gunma.jp/
105228,明和町,http://www.town.meiwa.gunma.jp/
105236,千代田町,http://www.town.chiyoda.gunma.jp/
105244,大泉町,http://www.town.oizumi.gunma.jp/
105252,邑楽町,http://www.town.ora.gunma.jp/
110001,埼玉県,http://www.pref.saitama.lg.jp
111007,さいたま市,http://www.city.saitama.jp/
111015,西区,http://www.city.saitama.jp/nishi/index.html
111023,北区,http://www.city.saitama.jp/index_kitaku.html
111031,大宮区,http://www.city.saitama.jp/index_omiyaku.html
111040,見沼区,http://www.city.saitama.jp/minuma/
111058,中央区,http://www.city.saitama.jp/index.html
111066,桜区,http://www.city.saitama.jp/sakura/index.html
111074,浦和区,http://www.city.saitama.jp/urawa/index.html
111082,南区,http://www.city.saitama.jp/minami/index.html
111091,緑区,http://www.city.saitama.jp/index_midoriku.html
111104,岩槻区,http://www.city.saitama.jp/index_iwatsukiku.html
112011,川越市,https://www.city.kawagoe.saitama.jp/
112020,熊谷市,https://www.city.kumagaya.lg.jp/
112038,川口市,http://www.city.kawaguchi.lg.jp/
112062,行田市,http://www.city.gyoda.lg.jp/
112071,秩父市,http://www.city.chichibu.lg.jp/
112089,所沢市,https://www.city.tokorozawa.saitama.jp/
112097,飯能市,https://www.city.hanno.lg.jp/
112101,加須市,https://www.city.kazo.lg.jp/
112119,本庄市,http://www.city.honjo.lg.jp/
112127,東松山市,http://www.city.higashimatsuyama.lg.jp/
112143,春日部市,https://www.city.kasukabe.lg.jp/
112151,狭山市,https://www.city.sayama.saitama.jp/
112160,羽生市,http://www.city.hanyu.lg.jp/
112178,鴻巣市,http://www.city.kounosu.saitama.jp/
112186,深谷市,http://www.city.fukaya.saitama.jp/
112194,上尾市,http://www.city.ageo.lg.jp/
112216,草加市,http://www.city.soka.saitama.jp/
112224,越谷市,https://www.city.koshigaya.saitama.jp/
112232,蕨市,https://www.city.warabi.saitama.jp/
112241,戸田市,https://www.city.toda.saitama.jp/
112259,入間市,http://www.city.iruma.saitama.jp/
112275,朝霞市,https://www.city.asaka.lg.jp/
112283,志木市,https://www.city.shiki.lg.jp/
112291,和光市,http://www.city.wako.lg.jp/
112305,新座市,http://www.city.niiza.lg.jp/
112313,桶川市,https://www.city.okegawa.lg.jp/
112321,久喜市,https://www.city.kuki.lg.jp/
112330,北本市,http://www.city.kitamoto.saitama.jp/
112348,八潮市,http://www.city.yashio.lg.jp/
112356,富士見市,https://www.city.fujimi.saitama.jp/
112372,三郷市,http://www.city.misato.lg.jp/
112381,蓮田市,http://www.city.hasuda.saitama.jp/
112399,坂戸市,https://www.city.sakado.lg.jp/
112402,幸手市,https://www.city.satte.lg.jp/
112411,鶴ヶ島市,http://www.city.tsurugashima.lg.jp/
112429,日高市,https://www.city.hidaka.lg.jp/
112437,吉川市,https://www.city.yoshikawa.saitama.jp/
112453,ふじみ野市,http://www.city.fujimino.saitama.jp/
112461,白岡市,http://www.city.shiraoka.lg.jp/
113018,伊奈町,http://www.town.saitama-ina.lg.jp/
113247,三芳町,http://www.town.saitama-miyoshi.lg.jp/
113263,毛呂山町,http://www.town.moroyama.saitama.jp/
113271,越生町,http://www.town.ogose.saitama.jp/
113417,滑川町,http://www.town.namegawa.lg.jp/
113425,嵐山町,http://www.town.ranzan.saitama.jp/
113433,小川町,http://www.town.ogawa.saitama.jp/
113468,川島町,http://www.town.kawajima.saitama.jp/
113476,吉見町,http://www.town.yoshimi.saitama.jp/
113484,鳩山町,http://www.town.hatoyama.saitama.jp/
113492,ときがわ町,http://www.town.tokigawa.lg.jp/
113611,横瀬町,http://www.town.yokoze.saitama.jp/
113620,皆野町,http://www.town.minano.saitama.jp/
113638,長瀞町,http://www.town.nagatoro.saitama.jp/
113654,小鹿野町,http://www.town.ogano.lg.jp/
113697,東秩父村,http://www.vill.higashichichibu.saitama.jp/
113816,美里町,http://www.town.saitama-misato.lg.jp/
113832,神川町,https://www.town.kamikawa.saitama.jp/
113859,上里町,http://www.town.kamisato.saitama.jp/
114081,寄居町,http://www.town.yorii.saitama.jp/
114421,宮代町,http://www.town.miyashiro.lg.jp/
114642,杉戸町,http://www.town.sugito.lg.jp/
114651,松伏町,http://www.town.matsubushi.lg.jp/
120006,千葉県,http://www.pref.chiba.lg.jp
121002,千葉市,http://www.city.chiba.jp/opendata/index.php
121002,千葉市,https://www.city.chiba.jp/
121011,中央区,https://www.city.chiba.jp/chuo/
121029,花見川区,https://www.city.chiba.jp/hanamigawa/
121037,稲毛区,https://www.city.chiba.jp/inage/
121045,若葉区,https://www.city.chiba.jp/wakaba/
121053,緑区,https://www.city.chiba.jp/midori/
121061,美浜区,https://www.city.chiba.jp/mihama/
122025,銚子市,https://www.city.choshi.chiba.jp/
122033,市川市,http://www.city.ichikawa.lg.jp/
122041,船橋市,http://www.city.funabashi.lg.jp/
122050,館山市,http://www.city.tateyama.chiba.jp/
122068,木更津市,http://www.city.kisarazu.lg.jp/
122076,松戸市,https://www.city.matsudo.chiba.jp/
122084,野田市,http://www.city.noda.chiba.jp/
122106,茂原市,https://www.city.mobara.chiba.jp/
122114,成田市,https://www.city.narita.chiba.jp/
122122,佐倉市,https://www.city.sakura.lg.jp/
122131,東金市,https://www.city.togane.chiba.jp/
122157,旭市,http://www.city.asahi.lg.jp/
122165,習志野市,https://www.city.narashino.lg.jp/
122173,柏市,http://www.city.kashiwa.lg.jp/
122181,勝浦市,https://www.city.katsuura.lg.jp/
122190,市原市,https://www.city.ichihara.chiba.jp/
122203,流山市,http://www.city.nagareyama.chiba.jp/
122211,八千代市,http://www.city.yachiyo.chiba.jp/
122220,我孫子市,https://www.city.abiko.chiba.jp/
122238,鴨川市,http://www.city.kamogawa.lg.jp/
122246,鎌ケ谷市,http://www.city.kamagaya.chiba.jp/
122254,君津市,http://www.city.kimitsu.lg.jp/
122262,富津市,https://www.city.futtsu.lg.jp/
122271,浦安市,http://www.city.urayasu.lg.jp/
122289,四街道市,https://www.city.yotsukaido.chiba.jp/
122297,袖ケ浦市,https://www.city.sodegaura.lg.jp/
122301,八街市,https://www.city.yachimata.lg.jp/
122319,印西市,http://www.city.inzai.lg.jp/
122327,白井市,http://www.city.shiroi.chiba.jp/
122335,富里市,https://www.city.tomisato.lg.jp/
122343,南房総市,https://www.city.minamiboso.chiba.jp/
122351,匝瑳市,http://www.city.sosa.lg.jp/
122360,香取市,http://www.city.katori.lg.jp/
122378,山武市,https://www.city.sammu.lg.jp/
122386,いすみ市,http://www.city.isumi.lg.jp/
122394,大網白里市,http://www.city.oamishirasato.lg.jp/
123226,酒々井町,https://www.town.shisui.chiba.jp/
123293,栄町,http://www.town.sakae.chiba.jp/
123421,神崎町,http://www.town.kozaki.chiba.jp/
123471,多古町,http://www.town.tako.chiba.jp/
123498,東庄町,http://www.town.tohnosho.chiba.jp/
124036,九十九里町,http://www.town.kujukuri.chiba.jp/
124095,芝山町,http://www.town.shibayama.lg.jp/
124109,横芝光町,http://www.town.yokoshibahikari.chiba.jp/
124214,一宮町,http://www.town.ichinomiya.chiba.jp/
124222,睦沢町,http://www.town.mutsuzawa.chiba.jp/
124231,長生村,http://www.vill.chosei.chiba.jp/
124249,白子町,http://www.town.shirako.lg.jp/
124265,長柄町,http://www.town.nagara.chiba.jp/
124273,長南町,http://www.town.chonan.chiba.jp/
124419,大多喜町,http://www.town.otaki.chiba.jp/
124435,御宿町,http://www.town.onjuku.chiba.jp/
124630,鋸南町,http://www.town.kyonan.chiba.jp/
130001,東京都,http://www.metro.tokyo.jp
131016,千代田区,https://www.city.chiyoda.lg.jp/
131024,中央区,http://www.city.chuo.lg.jp/
131032,港区,http://www.city.minato.tokyo.jp/
131041,新宿区,http://www.city.shinjuku.lg.jp/
131059,文京区,http://www.city.bunkyo.lg.jp/
131067,台東区,http://www.city.taito.lg.jp/
131075,墨田区,https://www.city.sumida.lg.jp/
131083,江東区,https://www.city.koto.lg.jp/
131091,品川区,http://www.city.shinagawa.tokyo.jp/
131105,目黒区,http://www.city.meguro.tokyo.jp/
131113,大田区,http://www.city.ota.tokyo.jp/
131121,世田谷区,http://www.city.setagaya.lg.jp/
131130,渋谷区,http://www.city.shibuya.tokyo.jp/
131148,中野区,http://www.city.tokyo-nakano.lg.jp/
131156,杉並区,http://www.city.suginami.tokyo.jp/
131164,豊島区,http://www.city.toshima.lg.jp/
131172,北区,http://www.city.kita.tokyo.jp/
131181,荒川区,http://www.city.arakawa.tokyo.jp/
131199,板橋区,http://www.city.itabashi.tokyo.jp/
131202,練馬区,http://www.city.nerima.tokyo.jp/
131211,足立区,http://www.city.adachi.tokyo.jp/
131229,葛飾区,http://www.city.katsushika.lg.jp/
131237,江戸川区,http://www.city.edogawa.tokyo.jp/
132012,八王子市,https://www.city.hachioji.tokyo.jp/
132021,立川市,https://www.city.tachikawa.lg.jp/
132039,武蔵野市,http://www.city.musashino.lg.jp/
132047,三鷹市,http://www.city.mitaka.tokyo.jp/
132055,青梅市,https://www.city.ome.tokyo.jp/
132063,府中市,https://www.city.fuchu.tokyo.jp/
132071,昭島市,http://www.city.akishima.lg.jp/
132080,調布市,http://www.city.chofu.tokyo.jp/
132098,町田市,http://www.city.machida.tokyo.jp/
132101,小金井市,https://www.city.koganei.lg.jp/
132110,小平市,http://www.city.kodaira.tokyo.jp/
132128,日野市,http://www.city.hino.lg.jp/
132128,日野市,"http://www.city.hino.lg.jp/index.cfm/196,129180,353,2132,html"
132136,東村山市,https://www.city.higashimurayama.tokyo.jp/
132144,国分寺市,http://www.city.kokubunji.tokyo.jp/
132152,国立市,http://www.city.kunitachi.tokyo.jp/
132187,福生市,http://www.city.fussa.tokyo.jp/
132195,狛江市,https://www.city.komae.tokyo.jp/
132209,東大和市,http://www.city.higashiyamato.lg.jp/
132217,清瀬市,https://www.city.kiyose.lg.jp/
132225,東久留米市,http://www.city.higashikurume.lg.jp/
132233,武蔵村山市,http://www.city.musashimurayama.lg.jp/
132241,多摩市,https://www.city.tama.lg.jp/
132250,稲城市,http://www.city.inagi.tokyo.jp/
132276,羽村市,https://www.city.hamura.tokyo.jp/
132284,あきる野市,https://www.city.akiruno.tokyo.jp/
132292,西東京市,https://www.city.nishitokyo.lg.jp/
133035,瑞穂町,http://www.town.mizuho.tokyo.jp/
133051,日の出町,http://www.town.hinode.tokyo.jp/
133078,檜原村,http://www.vill.hinohara.tokyo.jp/
133086,奥多摩町,http://www.town.okutama.tokyo.jp/
133612,大島町,http://www.town.oshima.tokyo.jp/
133621,利島村,http://www.toshimamura.org/
133639,新島村,http://www.niijima.com/
133647,神津島村,http://vill.kouzushima.tokyo.jp/
133817,三宅村,https://www.vill.miyake.tokyo.jp/
133825,御蔵島村,http://www.mikurasima.jp/
134015,八丈町,http://www.town.hachijo.tokyo.jp/
134023,青ヶ島村,http://www.vill.aogashima.tokyo.jp/
134210,小笠原村,http://www.vill.ogasawara.tokyo.jp/
140007,神奈川県,http://www.pref.kanagawa.jp
141003,横浜市,http://www.city.yokohama.lg.jp/
141011,鶴見区,http://www.city.yokohama.lg.jp/tsurumi/
141020,神奈川区,http://www.city.yokohama.lg.jp/kanagawa/
141038,西区,http://www.city.yokohama.lg.jp/nishi/
141046,中区,http://www.city.yokohama.lg.jp/naka/
141054,南区,http://www.city.yokohama.lg.jp/minami/
141062,保土ケ谷区,http://www.city.yokohama.lg.jp/hodogaya/
141071,磯子区,http://www.city.yokohama.lg.jp/isogo/
141089,金沢区,http://www.city.yokohama.lg.jp/kanazawa/
141097,港北区,http://www.city.yokohama.lg.jp/kohoku/
141101,戸塚区,http://www.city.yokohama.lg.jp/totsuka/
141119,港南区,http://www.city.yokohama.lg.jp/konan/
141127,旭区,http://www.city.yokohama.lg.jp/asahi/
141135,緑区,http://www.city.yokohama.lg.jp/midori/
141143,瀬谷区,http://www.city.yokohama.lg.jp/seya/
141151,栄区,http://www.city.yokohama.lg.jp/sakae/
141160,泉区,http://www.city.yokohama.lg.jp/izumi/
141178,青葉区,http://www.city.yokohama.lg.jp/aoba/
141186,都筑区,http://www.city.yokohama.lg.jp/tsuzuki/
141305,川崎市,http://www.city.kawasaki.jp/
141313,川崎区,http://www.city.kawasaki.jp/kawasaki/
141321,幸区,http://www.city.kawasaki.jp/saiwai/
141330,中原区,http://www.city.kawasaki.jp/nakahara/
141348,高津区,http://www.city.kawasaki.jp/takatsu/
141356,多摩区,http://www.city.kawasaki.jp/tama/
141364,宮前区,http://www.city.kawasaki.jp/miyamae/
141372,麻生区,http://www.city.kawasaki.jp/asao/
141500,相模原市,http://www.city.sagamihara.kanagawa.jp/
141518,緑区,http://www.city.sagamihara.kanagawa.jp/midoriku/
141526,中央区,http://www.city.sagamihara.kanagawa.jp/chuoku/
141534,南区,http://www.city.sagamihara.kanagawa.jp/minamiku/
142018,横須賀市,http://www.city.yokosuka.kanagawa.jp.c.rb.hp.transer.com/index.html
142018,横須賀市,http://www.city.yokosuka.kanagawa.jp.e.rb.hp.transer.com/
142018,横須賀市,https://www.city.yokosuka.kanagawa.jp/
142034,平塚市,http://www.city.hiratsuka.kanagawa.jp/
142042,鎌倉市,http://www.city.kamakura.kanagawa.jp/
142051,藤沢市,https://www.city.fujisawa.kanagawa.jp/
142069,小田原市,https://www.city.odawara.kanagawa.jp/
142077,茅ヶ崎市,http://www.city.chigasaki.kanagawa.jp/
142085,逗子市,https://www.city.zushi.kanagawa.jp/
142107,三浦市,http://www.city.miura.kanagawa.jp/
142115,秦野市,http://www.city.hadano.kanagawa.jp/
142123,厚木市,https://www.city.atsugi.kanagawa.jp/
142131,大和市,http://www.city.yamato.lg.jp/
142140,伊勢原市,http://www.city.isehara.kanagawa.jp/
142158,海老名市,http://www.city.ebina.kanagawa.jp/
142166,座間市,http://www.city.zama.kanagawa.jp/
142174,南足柄市,https://www.city.minamiashigara.kanagawa.jp/
142182,綾瀬市,https://www.city.ayase.kanagawa.jp/
143014,葉山町,http://www.town.hayama.lg.jp/
143219,寒川町,http://www.town.samukawa.kanagawa.jp/
143413,大磯町,http://www.town.oiso.kanagawa.jp/
143421,二宮町,http://www.town.ninomiya.kanagawa.jp/
143618,中井町,http://www.town.nakai.kanagawa.jp/
143626,大井町,http://www.town.oi.kanagawa.jp/
143634,松田町,http://town.matsuda.kanagawa.jp/
143642,山北町,http://www.town.yamakita.kanagawa.jp/
143669,開成町,http://www.town.kaisei.kanagawa.jp/
143821,箱根町,https://www.town.hakone.kanagawa.jp/
143839,真鶴町,http://www.town-manazuru.jp/
143847,湯河原町,http://www.town.yugawara.kanagawa.jp/
144011,愛川町,http://www.town.aikawa.kanagawa.jp/
144029,清川村,http://www.town.kiyokawa.kanagawa.jp/
150002,新潟県,http://www.pref.niigata.lg.jp
151009,新潟市,https://www.city.niigata.lg.jp/
151017,北区,http://www.city.niigata.lg.jp/kita/
151025,東区,http://www.city.niigata.lg.jp/higashi/
151033,中央区,http://www.city.niigata.lg.jp/chuo/
151041,江南区,http://www.city.niigata.lg.jp/konan/
151050,秋葉区,http://www.city.niigata.lg.jp/akiha/
151068,南区,http://www.city.niigata.lg.jp/minami/
151076,西区,http://www.city.niigata.lg.jp/nishi/
151084,西蒲区,http://www.city.niigata.lg.jp/nishikan/
152021,長岡市,https://www.city.nagaoka.niigata.jp/
152048,三条市,http://www.city.sanjo.niigata.jp/
152056,柏崎市,https://www.city.kashiwazaki.lg.jp/
152064,新発田市,http://www.city.shibata.lg.jp/
152081,小千谷市,http://www.city.ojiya.niigata.jp/
152099,加茂市,http://www.city.kamo.niigata.jp/
152102,十日町市,http://www.city.tokamachi.lg.jp/
152111,見附市,http://www.city.mitsuke.niigata.jp/
152129,村上市,http://www.city.murakami.lg.jp/
152137,燕市,http://www.city.tsubame.niigata.jp/
152161,糸魚川市,http://www.city.itoigawa.lg.jp/
152170,妙高市,http://www.city.myoko.niigata.jp/
152188,五泉市,http://www.city.gosen.lg.jp/
152226,上越市,http://www.city.joetsu.niigata.jp/
152234,阿賀野市,http://www.city.agano.niigata.jp/
152242,佐渡市,https://www.city.sado.niigata.jp/
152251,魚沼市,http://www.city.uonuma.niigata.jp/
152269,南魚沼市,http://www.city.minamiuonuma.niigata.jp/
152277,胎内市,http://www.city.tainai.niigata.jp/
153079,聖籠町,http://www.town.seiro.niigata.jp/
153427,弥彦村,http://www.vill.yahiko.niigata.jp/
153613,田上町,http://www.town.tagami.niigata.jp/
153851,阿賀町,http://www.town.aga.niigata.jp/
154059,出雲崎町,http://www.town.izumozaki.niigata.jp/
154610,湯沢町,https://www.town.yuzawa.lg.jp/
154822,津南町,http://www.town.tsunan.niigata.jp/
155047,刈羽村,http://www.vill.kariwa.niigata.jp/
155811,関川村,http://www.vill.sekikawa.niigata.jp/
155861,粟島浦村,http://www.vill.awashimaura.lg.jp/
160008,富山県,http://www.pref.toyama.lg.jp
162019,富山市,http://www.city.toyama.toyama.jp/
162027,高岡市,https://www.city.takaoka.toyama.jp/
162043,魚津市,http://www.city.uozu.toyama.jp/
162051,氷見市,https://www.city.himi.toyama.jp/
162060,滑川市,http://www.city.namerikawa.toyama.jp/
162078,黒部市,http://kurobe.city.kurobe.toyama.jp/
162086,砺波市,http://www.city.tonami.toyama.jp/
162094,小矢部市,http://www.city.oyabe.toyama.jp/
162108,南砺市,https://www.city.nanto.toyama.jp/
162116,射水市,https://www.city.imizu.toyama.jp/
163210,舟橋村,http://www.vill.funahashi.toyama.jp/
163228,上市町,http://www.town.kamiichi.toyama.jp/
163236,立山町,http://www.town.tateyama.toyama.jp/
163422,入善町,https://www.town.nyuzen.toyama.jp/
163431,朝日町,https://www.town.asahi.toyama.jp/
170003,石川県,http://www.pref.ishikawa.lg.jp
172014,金沢市,https://www4.city.kanazawa.lg.jp/
172022,七尾市,https://www.city.nanao.lg.jp/
172031,小松市,https://www.city.komatsu.lg.jp/
172049,輪島市,http://www.city.wajima.ishikawa.jp/
172057,珠洲市,http://www.city.suzu.ishikawa.jp/
172065,加賀市,http://www.city.kaga.ishikawa.jp/
172073,羽咋市,http://www.city.hakui.lg.jp/
172090,かほく市,http://www.city.kahoku.ishikawa.jp/
172103,白山市,http://www.city.hakusan.ishikawa.jp/
172111,能美市,http://www.city.nomi.ishikawa.jp/
172120,野々市市,https://www.city.nonoichi.lg.jp/
173240,川北町,http://www.town.kawakita.ishikawa.jp/
173614,津幡町,http://www.town.tsubata.ishikawa.jp/
173657,内灘町,http://www.town.uchinada.lg.jp/
173843,志賀町,http://www.town.shika.lg.jp/
173860,宝達志水町,http://www.hodatsushimizu.jp/
174076,中能登町,http://www.town.nakanoto.ishikawa.jp/
174611,穴水町,http://www.town.anamizu.ishikawa.jp/
174637,能登町,http://www.town.noto.lg.jp/
180009,福井県,http://www.pref.fukui.lg.jp
182010,福井市,https://www.city.fukui.lg.jp/
182028,敦賀市,http://www.city.tsuruga.lg.jp/
182044,小浜市,https://www1.city.obama.fukui.jp/
182052,大野市,https://www.city.ono.fukui.jp/
182061,勝山市,https://www.city.katsuyama.fukui.jp/
182079,鯖江市,https://www.city.sabae.fukui.jp/
182087,あわら市,http://www.city.awara.lg.jp/
182095,越前市,http://www.city.echizen.lg.jp/
182109,坂井市,http://www.city.fukui-sakai.lg.jp/
183229,永平寺町,http://www.town.eiheiji.lg.jp/
183822,池田町,http://www.town.ikeda.fukui.jp/
184047,南越前町,http://www.town.minamiechizen.lg.jp/
184233,越前町,http://www.town.echizen.fukui.jp/index.html
184420,美浜町,http://www.town.mihama.fukui.jp/
184811,高浜町,http://www.town.takahama.fukui.jp/
184837,おおい町,http://www.town.ohi.fukui.jp/
185019,若狭町,http://www.town.fukui-wakasa.lg.jp/
190004,山梨県,http://www.pref.yamanashi.jp/
192015,甲府市,http://www.city.kofu.yamanashi.jp/
192023,富士吉田市,https://www.city.fujiyoshida.yamanashi.jp/
192040,都留市,http://www.city.tsuru.yamanashi.jp/
192058,山梨市,http://www.city.yamanashi.yamanashi.jp/
192066,大月市,http://www.city.otsuki.yamanashi.jp/
192074,韮崎市,https://www.city.nirasaki.lg.jp/
192082,南アルプス市,http://www.city.minami-alps.yamanashi.jp/
192091,北杜市,https://www.city.hokuto.yamanashi.jp/
192104,甲斐市,http://www.city.kai.yamanashi.jp/
192112,笛吹市,https://www.city.fuefuki.yamanashi.jp/
192121,上野原市,https://www.city.uenohara.yamanashi.jp/
192139,甲州市,https://www.city.koshu.yamanashi.jp/
192147,中央市,http://www.city.chuo.yamanashi.jp/
193461,市川三郷町,http://www.town.ichikawamisato.yamanashi.jp/
193640,早川町,http://www.town.hayakawa.yamanashi.jp/
193658,身延町,http://www.town.minobu.lg.jp/
193666,南部町,http://www.town.nanbu.yamanashi.jp/
193682,富士川町,http://www.town.fujikawa.yamanashi.jp/
193844,昭和町,http://www.town.showa.yamanashi.jp/
194221,道志村,http://www.vill.doshi.lg.jp/
194239,西桂町,http://www.town.nishikatsura.yamanashi.jp/
194247,忍野村,http://www.vill.oshino.lg.jp/
194255,山中湖村,http://www.vill.yamanakako.lg.jp/
194298,鳴沢村,http://www.vill.narusawa.yamanashi.jp/
194301,富士河口湖町,https://www.town.fujikawaguchiko.lg.jp/
194425,小菅村,http://www.vill.kosuge.yamanashi.jp/
194433,丹波山村,http://www.vill.tabayama.yamanashi.jp/
200000,長野県,https://www.pref.nagano.lg.jp/
202011,長野市,https://www.city.nagano.nagano.jp/
202029,松本市,https://www.city.matsumoto.nagano.jp/
202037,上田市,https://www.city.ueda.nagano.jp/
202045,岡谷市,https://www.city.okaya.lg.jp/
202053,飯田市,https://www.city.iida.lg.jp/
202061,諏訪市,https://www.city.suwa.lg.jp/
202070,須坂市,https://www.city.suzaka.nagano.jp/
202088,小諸市,http://www.city.komoro.lg.jp/
202096,伊那市,https://www.inacity.jp/
202100,駒ヶ根市,http://www.city.komagane.nagano.jp/
202118,中野市,http://www.city.nakano.nagano.jp/
202126,大町市,http://www.city.omachi.nagano.jp/
202134,飯山市,http://www.city.iiyama.nagano.jp/
202142,茅野市,http://www.city.chino.lg.jp/
202151,塩尻市,https://www.city.shiojiri.lg.jp/
202177,佐久市,https://www.city.saku.nagano.jp/
202185,千曲市,http://www.city.chikuma.lg.jp/
202193,東御市,http://www.city.tomi.nagano.jp/
202207,安曇野市,https://www.city.azumino.nagano.jp/
203033,小海町,http://www.koumi-town.jp/
203041,川上村,http://www.vill.kawakami.nagano.jp/
203050,南牧村,http://www.minamimakimura.jp/
203068,南相木村,http://www.minamiaiki.jp/
203076,北相木村,http://www.vill.kitaaiki.nagano.jp/
203092,佐久穂町,http://www.town.sakuho.nagano.jp/
203211,軽井沢町,http://www.town.karuizawa.lg.jp/
203238,御代田町,http://www.town.miyota.nagano.jp/
203246,立科町,http://www.town.tateshina.nagano.jp/
203491,青木村,http://www.vill.aoki.nagano.jp/
203505,長和町,http://www.town.nagawa.nagano.jp/
203611,下諏訪町,http://www.town.shimosuwa.lg.jp/
203629,富士見町,http://www.town.fujimi.lg.jp/
203637,原村,http://www.vill.hara.nagano.jp/
203823,辰野町,http://www.town.tatsuno.nagano.jp/
203831,箕輪町,http://www.town.minowa.lg.jp/
203840,飯島町,http://www.town.iijima.lg.jp/
203858,南箕輪村,http://www.vill.minamiminowa.nagano.jp/
203866,中川村,http://www.vill.nakagawa.nagano.jp/
203882,宮田村,http://www.vill.miyada.nagano.jp/
204021,松川町,http://www.matsukawa-town.jp/
204030,高森町,http://www.town.nagano-takamori.lg.jp/
204048,阿南町,http://www.town.anan.nagano.jp/
204072,阿智村,http://www.vill.achi.nagano.jp/
204099,平谷村,http://www.vill.hiraya.nagano.jp/
204102,根羽村,http://www.nebamura.jp/
204111,下條村,http://www.vill-shimojo.jp/
204129,売木村,http://www.urugi.jp/
204137,天龍村,http://www.vill-tenryu.jp/
204145,泰阜村,http://vill.yasuoka.nagano.jp/
204153,喬木村,http://www.vill.takagi.nagano.jp/
204161,豊丘村,http://www.vill.nagano-toyooka.lg.jp/
204170,大鹿村,http://www.vill.ooshika.nagano.jp/
204226,上松町,http://www.town.agematsu.nagano.jp/
204234,南木曽町,http://www.town.nagiso.nagano.jp/
204251,木祖村,http://www.vill.kiso.nagano.jp/
204293,王滝村,http://www.vill.otaki.nagano.jp/
204307,大桑村,http://www.vill.ookuwa.nagano.jp/
204323,木曽町,http://www.town-kiso.com/
204463,麻績村,http://www.vill.omi.nagano.jp/
204480,生坂村,http://www.village.ikusaka.nagano.jp/
204501,山形村,http://www.vill.yamagata.nagano.jp/
204510,朝日村,http://www.vill.asahi.nagano.jp/
204528,筑北村,http://www.vill.chikuhoku.lg.jp/
204811,池田町,http://www.ikedamachi.net/
204820,松川村,http://www.vill.matsukawa.nagano.jp/
204854,白馬村,http://www.vill.hakuba.nagano.jp/
204862,小谷村,http://www.vill.otari.nagano.jp/
205214,坂城町,http://www.town.sakaki.nagano.jp/
205419,小布施町,http://www.town.obuse.nagano.jp/
205435,高山村,http://www.vill.takayama.nagano.jp/
205613,山ノ内町,http://www.town.yamanouchi.nagano.jp/
205621,木島平村,http://www.kijimadaira.jp/
205630,野沢温泉村,http://www.vill.nozawaonsen.nagano.jp/
205834,信濃町,https://www.town.shinano.lg.jp/
205885,小川村,http://www.vill.ogawa.nagano.jp/
205907,飯綱町,http://www.town.iizuna.nagano.jp/
206024,栄村,http://www.vill.sakae.nagano.jp/
210005,岐阜県,https://www.pref.gifu.lg.jp/
212016,岐阜市,http://www.city.gifu.lg.jp/
212024,大垣市,http://www.city.ogaki.lg.jp/
212032,高山市,http://www.city.takayama.lg.jp/
212041,多治見市,http://www.city.tajimi.lg.jp/
212059,関市,http://www.city.seki.gifu.jp/
212067,中津川市,http://www.city.nakatsugawa.gifu.jp/
212075,美濃市,http://www.city.mino.gifu.jp/
212083,瑞浪市,http://www.city.mizunami.lg.jp/
212091,羽島市,https://www.city.hashima.lg.jp/
212105,恵那市,http://www.city.ena.lg.jp/
212113,美濃加茂市,http://www.city.minokamo.gifu.jp/
212121,土岐市,http://www.city.toki.lg.jp/
212130,各務原市,http://www.city.kakamigahara.lg.jp/
212148,可児市,http://www.city.kani.lg.jp/
212156,山県市,http://www.city.yamagata.gifu.jp/
212164,瑞穂市,http://www.city.mizuho.lg.jp/
212172,飛騨市,http://www.city.hida.gifu.jp/
212181,本巣市,http://www.city.motosu.lg.jp/
212199,郡上市,https://www.city.gujo.gifu.jp/
212202,下呂市,http://www.city.gero.lg.jp/
212211,海津市,http://www.city.kaizu.lg.jp/
213021,岐南町,http://www.town.ginan.lg.jp/
213039,笠松町,http://www.town.kasamatsu.gifu.jp/
213411,養老町,http://www.town.yoro.gifu.jp/
213616,垂井町,http://www.town.tarui.lg.jp/
213624,関ケ原町,http://www.town.sekigahara.gifu.jp/
213811,神戸町,http://www.town.godo.gifu.jp/
213829,輪之内町,http://town.wanouchi.gifu.jp/
213837,安八町,http://www.town.anpachi.gifu.jp/
214019,揖斐川町,http://www.town.ibigawa.lg.jp/
214035,大野町,http://www.town-ono.jp/
214043,池田町,http://www.town.ikeda.gifu.jp/
214213,北方町,http://www.town.kitagata.gifu.jp/
215015,坂祝町,http://www.town.sakahogi.gifu.jp/
215023,富加町,http://www.town.tomika.gifu.jp/
215031,川辺町,http://www.kawabe-gifu.jp/
215040,七宗町,http://www.hichiso.jp/
215058,八百津町,https://www.town.yaotsu.lg.jp/
215066,白川町,http://www.town.shirakawa.lg.jp/
215074,東白川村,https://www.vill.higashishirakawa.gifu.jp/
215210,御嵩町,http://www.town.mitake.gifu.jp/
216046,白川村,http://shirakawa-go.org/
220001,静岡県,https://www.pref.shizuoka.jp
221007,静岡市,http://www.city.shizuoka.jp/
221015,葵区,http://www.city.shizuoka.jp/deps/aoi/aoi-ku.html
221023,駿河区,http://www.city.shizuoka.jp/suruga.html
221031,清水区,http://www.city.shizuoka.jp/shimizu.html
221309,浜松市,https://www.city.hamamatsu.shizuoka.jp/
221317,中区,http://www.city.hamamatsu.shizuoka.jp/c-shinko/ward/nakaku/
221325,東区,http://www.city.hamamatsu.shizuoka.jp/e-shinko/ward/higashiku/
221333,西区,http://www.city.hamamatsu.shizuoka.jp/ward/nishiku/index.html
221341,南区,http://www.city.hamamatsu.shizuoka.jp/s-shinko/ward/minamiku/
221350,北区,http://www.city.hamamatsu.shizuoka.jp/n-shinko/ward/kitaku/
221368,浜北区,http://www.city.hamamatsu.shizuoka.jp/hk-shinko/ward/hamakitaku/
221376,天竜区,http://www.city.hamamatsu.shizuoka.jp/tn-shinko/ward/tenryuku/
222038,沼津市,https://www.city.numazu.shizuoka.jp/
222054,熱海市,http://www.city.atami.shizuoka.jp/
222062,三島市,http://www.city.mishima.shizuoka.jp/
222071,富士宮市,http://www.city.fujinomiya.shizuoka.jp/
222089,伊東市,http://www.city.ito.shizuoka.jp/
222097,島田市,https://www.city.shimada.shizuoka.jp/index.html
222101,富士市,http://www.city.fuji.shizuoka.jp/
222119,磐田市,http://www.city.iwata.shizuoka.jp/
222127,焼津市,http://www.city.yaizu.lg.jp/
222135,掛川市,http://www.city.kakegawa.shizuoka.jp/
222143,藤枝市,http://www.city.fujieda.shizuoka.jp/
222151,御殿場市,https://www.city.gotemba.shizuoka.jp/
222160,袋井市,http://www.city.fukuroi.shizuoka.jp/
222194,下田市,https://www.city.shimoda.shizuoka.jp/
222208,裾野市,https://www.city.susono.shizuoka.jp/
222216,湖西市,http://www.city.kosai.shizuoka.jp/
222224,伊豆市,http://www.city.izu.shizuoka.jp/
222232,御前崎市,https://www.city.omaezaki.shizuoka.jp/
222241,菊川市,http://www.city.kikugawa.shizuoka.jp/
222259,伊豆の国市,http://www.city.izunokuni.shizuoka.jp/
222267,牧之原市,http://www.city.makinohara.shizuoka.jp/
223018,東伊豆町,http://www.town.higashiizu.shizuoka.jp/
223026,河津町,http://www.town.kawazu.shizuoka.jp/
223042,南伊豆町,http://www.town.minamiizu.shizuoka.jp/
223051,松崎町,http://www.town.matsuzaki.shizuoka.jp/
223069,西伊豆町,http://www.town.nishiizu.shizuoka.jp/
223255,函南町,http://www.town.kannami.shizuoka.jp/
223417,清水町,http://www.town.shimizu.shizuoka.jp/
223425,長泉町,http://japan.nagaizumi.org/
223441,小山町,http://www.fuji-oyama.jp/
224243,吉田町,http://www.town.yoshida.shizuoka.jp/
224294,川根本町,http://www.town.kawanehon.shizuoka.jp/
224618,森町,http://www.town.morimachi.shizuoka.jp/
230006,愛知県,http://www.pref.aichi.jp
231002,名古屋市,http://www.city.nagoya.jp/
231011,千種区,http://www.city.nagoya.jp/chikusa/
231029,東区,http://www.city.nagoya.jp/higashi/
231037,北区,http://www.city.nagoya.jp/kita/
231045,西区,http://www.city.nagoya.jp/nishi/
231053,中村区,http://www.city.nagoya.jp/nakamura/
231061,中区,http://www.city.nagoya.jp/naka/
231070,昭和区,http://www.city.nagoya.jp/showa/
231088,瑞穂区,http://www.city.nagoya.jp/mizuho/
231096,熱田区,http://www.city.nagoya.jp/atsuta/
231100,中川区,http://www.city.nagoya.jp/nakagawa/
231118,港区,http://www.city.nagoya.jp/minato/
231126,南区,http://www.city.nagoya.jp/minami/
231134,守山区,http://www.city.nagoya.jp/moriyama/
231142,緑区,http://www.city.nagoya.jp/midori/
231151,名東区,http://www.city.nagoya.jp/meito/
231169,天白区,http://www.city.nagoya.jp/tempaku/
232017,豊橋市,http://www.city.toyohashi.lg.jp/
232025,岡崎市,http://www.city.okazaki.lg.jp/
232033,一宮市,http://www.city.ichinomiya.aichi.jp/
232041,瀬戸市,http://www.city.seto.aichi.jp/
232050,半田市,https://www.city.handa.lg.jp/
232068,春日井市,http://www.city.kasugai.lg.jp/
232076,豊川市,https://www.city.toyokawa.lg.jp/
232084,津島市,http://www.city.tsushima.lg.jp/
232092,碧南市,http://www.city.hekinan.aichi.jp/
232106,刈谷市,https://www.city.kariya.lg.jp/
232114,豊田市,http://www.city.toyota.aichi.jp/
232122,安城市,http://www.city.anjo.aichi.jp/
232131,西尾市,http://www.city.nishio.aichi.jp/
232149,蒲郡市,https://www.city.gamagori.lg.jp/
232157,犬山市,http://www.city.inuyama.aichi.jp/
232165,常滑市,http://www.city.tokoname.aichi.jp/
232173,江南市,https://www.city.konan.lg.jp/
232190,小牧市,http://www.city.komaki.aichi.jp/
232203,稲沢市,http://www.city.inazawa.aichi.jp/
232211,新城市,http://www.city.shinshiro.lg.jp/
232220,東海市,http://www.city.tokai.aichi.jp/
232238,大府市,https://www.city.obu.aichi.jp/
232246,知多市,https://www.city.chita.lg.jp/
232254,知立市,http://www.city.chiryu.aichi.jp/
232262,尾張旭市,https://www.city.owariasahi.lg.jp/
232271,高浜市,http://www.city.takahama.lg.jp/
232289,岩倉市,https://www.city.iwakura.aichi.jp/
232297,豊明市,https://www.city.toyoake.lg.jp/
232301,日進市,http://www.city.nisshin.lg.jp/
232319,田原市,http://www.city.tahara.aichi.jp/
232327,愛西市,https://www.city.aisai.lg.jp/
232335,清須市,http://www.city.kiyosu.aichi.jp/
232343,北名古屋市,http://www.city.kitanagoya.lg.jp/
232351,弥富市,http://www.city.yatomi.lg.jp/
232360,みよし市,https://www.city.aichi-miyoshi.lg.jp/
232378,あま市,http://www.city.ama.aichi.jp/
232386,長久手市,http://www.city.nagakute.lg.jp/
233021,東郷町,http://www.town.aichi-togo.lg.jp/
233421,豊山町,http://www.town.toyoyama.lg.jp/
233617,大口町,http://www.town.oguchi.aichi.jp/
233625,扶桑町,http://www.town.fuso.lg.jp/
234249,大治町,http://www.town.oharu.aichi.jp/
234257,蟹江町,http://www.town.kanie.aichi.jp/
234273,飛島村,http://www.vill.tobishima.aichi.jp/
234419,阿久比町,https://www.town.agui.lg.jp/
234427,東浦町,http://www.town.aichi-higashiura.lg.jp/
234451,南知多町,http://www.town.minamichita.lg.jp/
234460,美浜町,http://www.town.aichi-mihama.lg.jp/
234478,武豊町,http://www.town.taketoyo.lg.jp/
235016,幸田町,http://www.town.kota.lg.jp/
235610,設楽町,http://www.town.shitara.lg.jp/
235628,東栄町,http://www.town.toei.aichi.jp/
235636,豊根村,http://www.vill.toyone.aichi.jp/
240001,三重県,http://www.pref.mie.lg.jp/
242012,津市,http://www.info.city.tsu.mie.jp/
242021,四日市市,http://www.city.yokkaichi.mie.jp/
242039,伊勢市,http://www.city.ise.mie.jp/
242047,松阪市,http://www.city.matsusaka.mie.jp/
242055,桑名市,http://www.city.kuwana.lg.jp/
242071,鈴鹿市,http://www.city.suzuka.lg.jp/
242080,名張市,https://www.city.nabari.lg.jp/
242098,尾鷲市,https://www.city.owase.lg.jp/
242101,亀山市,https://www.city.kameyama.mie.jp/
242110,鳥羽市,https://www.city.toba.mie.jp/
242128,熊野市,http://www.city.kumano.mie.jp/
242144,いなべ市,http://www.city.inabe.mie.jp/
242152,志摩市,https://www.city.shima.mie.jp/
242161,伊賀市,http://www.city.iga.lg.jp/
243035,木曽岬町,http://www.town.kisosaki.lg.jp/
243248,東員町,https://www.town.toin.lg.jp/
243418,菰野町,http://www2.town.komono.mie.jp/
243434,朝日町,http://www.town.asahi.mie.jp/
243442,川越町,http://www.town.kawagoe.mie.jp/
244414,多気町,http://www.town.taki.mie.jp/
244422,明和町,http://www.town.meiwa.mie.jp/
244431,大台町,http://www.odaitown.jp/
244619,玉城町,https://kizuna.town.tamaki.mie.jp/
244708,度会町,https://www.town.watarai.lg.jp/
244716,大紀町,http://www.town.taiki.mie.jp/
244724,南伊勢町,http://www.town.minamiise.mie.jp/
245437,紀北町,http://www.town.mie-kihoku.lg.jp/
245615,御浜町,http://www.town.mihama.mie.jp/
245623,紀宝町,https://www.town.kiho.lg.jp/
250007,滋賀県,http://www.pref.shiga.lg.jp
252018,大津市,https://www.city.otsu.lg.jp/
252026,彦根市,https://www.city.hikone.shiga.jp/
252034,長浜市,https://www.city.nagahama.lg.jp/
252042,近江八幡市,http://www.city.omihachiman.shiga.jp/
252069,草津市,https://www.city.kusatsu.shiga.jp/
252077,守山市,https://www.city.moriyama.lg.jp/
252085,栗東市,http://www.city.ritto.lg.jp/
252093,甲賀市,http://www.city.koka.lg.jp/
252107,野洲市,http://www.city.yasu.lg.jp/
252115,湖南市,http://www.city.konan.shiga.jp/
252123,高島市,http://www.city.takashima.lg.jp/
252131,東近江市,http://www.city.higashiomi.shiga.jp/
252140,米原市,http://www.city.maibara.lg.jp/
253839,日野町,http://www.town.shiga-hino.lg.jp/
253847,竜王町,http://www.town.ryuoh.shiga.jp/
254258,愛荘町,http://www.town.aisho.shiga.jp/
254410,豊郷町,https://www.town.toyosato.shiga.jp/
254428,甲良町,http://www.kouratown.jp/
254436,多賀町,http://www.town.taga.lg.jp/
260002,京都府,http://www.pref.kyoto.jp
261009,京都市,http://www.city.kyoto.lg.jp/
261017,北区,http://www.city.kyoto.lg.jp/kita/
261025,上京区,http://www.city.kyoto.lg.jp/kamigyo/
261033,左京区,http://www.city.kyoto.lg.jp/sakyo/
261041,中京区,http://www.city.kyoto.lg.jp/nakagyo/
261050,東山区,http://www.city.kyoto.lg.jp/higasiyama/
261068,下京区,http://www.city.kyoto.lg.jp/shimogyo/
261076,南区,http://www.city.kyoto.lg.jp/minami/
261084,右京区,http://www.city.kyoto.lg.jp/ukyo/
261092,伏見区,http://www.city.kyoto.lg.jp/fushimi/
261106,山科区,http://www.city.kyoto.lg.jp/yamasina/
261114,西京区,http://www.city.kyoto.lg.jp/nisikyo/
262013,福知山市,http://www.city.fukuchiyama.kyoto.jp/
262021,舞鶴市,http://www.city.maizuru.kyoto.jp/
262030,綾部市,https://www.city.ayabe.lg.jp/
262048,宇治市,https://www.city.uji.kyoto.jp/
262056,宮津市,http://www.city.miyazu.kyoto.jp/
262064,亀岡市,http://www.city.kameoka.kyoto.jp/
262072,城陽市,http://www.city.joyo.kyoto.jp/
262081,向日市,http://www.city.muko.kyoto.jp/
262099,長岡京市,http://www.city.nagaokakyo.lg.jp/
262102,八幡市,http://www.city.yawata.kyoto.jp/
262111,京田辺市,http://www.kyotanabe.jp/
262129,京丹後市,http://www.city.kyotango.lg.jp/
262137,南丹市,http://www.city.nantan.kyoto.jp/
262145,木津川市,https://www.city.kizugawa.lg.jp/
263036,大山崎町,http://www.town.oyamazaki.kyoto.jp/
263222,久御山町,http://www.town.kumiyama.lg.jp/
263435,井手町,http://www.town.ide.kyoto.jp/
263443,宇治田原町,http://www.town.ujitawara.kyoto.jp/
263648,笠置町,https://www.town.kasagi.lg.jp/
263656,和束町,http://www.town.wazuka.kyoto.jp/
263664,精華町,http://www.town.seika.kyoto.jp/
263672,南山城村,http://www.vill.minamiyamashiro.lg.jp/
264075,京丹波町,http://www.town.kyotamba.kyoto.jp/
264636,伊根町,http://www.town.ine.kyoto.jp/
264652,与謝野町,http://www.town-yosano.jp/
270008,大阪府,http://www.pref.osaka.jp
271004,大阪市,http://www.city.osaka.lg.jp/
271021,都島区,http://www.city.osaka.lg.jp/miyakojima/
271039,福島区,http://www.city.osaka.lg.jp/contents/wdu020/fukushima/english
271047,此花区,http://www.city.osaka.lg.jp/konohana/
271063,西区,http://www.city.osaka.lg.jp/Nishi/
271071,港区,http://www.city.osaka.lg.jp/Minato/
271080,大正区,http://www.city.osaka.lg.jp/taisho/
271098,天王寺区,http://www.city.osaka.lg.jp/tennoji/
271110,浪速区,http://www.city.osaka.lg.jp/naniwa/
271136,西淀川区,http://www.city.osaka.lg.jp/chuo/
271144,東淀川区,http://www.city.osaka.lg.jp/higashiyodogawa/
271152,東成区,http://www.city.osaka.lg.jp/higashinari/
271161,生野区,http://www.city.osaka.lg.jp/ikuno/
271179,旭区,http://www.city.osaka.lg.jp/asahi/
271187,城東区,http://www.city.osaka.lg.jp/contents/wdu020/joto/english
271195,阿倍野区,http://www.city.osaka.lg.jp/abeno/
271209,住吉区,http://www.city.osaka.lg.jp/sumiyoshi/
271217,東住吉区,http://www.city.osaka.lg.jp/higashisumiyoshi/
271225,西成区,http://www.city.osaka.lg.jp/nishinari/
271233,淀川区,http://www.city.osaka.lg.jp/yodogawa/
271241,鶴見区,http://www.city.osaka.lg.jp/tsurumi/
271250,住之江区,http://www.city.osaka.lg.jp/suminoe/
271268,平野区,http://www.city.osaka.lg.jp/hirano/
271276,北区,http://www.city.osaka.lg.jp/kita/
271284,中央区,http://www.city.osaka.lg.jp/chuo/
271403,堺市,http://www.city.sakai.lg.jp/
271411,堺区,http://www.city.sakai.lg.jp/sakai/
271420,中区,http://www.city.sakai.lg.jp/sakai/
271438,東区,http://www.city.sakai.lg.jp/higashi/
271446,西区,http://www.city.sakai.lg.jp/nishi/
271454,南区,http://www.city.sakai.lg.jp/minami/
271462,北区,http://www.city.sakai.lg.jp/kita/
271471,美原区,http://www.city.sakai.lg.jp/mihara/
272027,岸和田市,https://www.city.kishiwada.osaka.jp/
272035,豊中市,http://www.city.toyonaka.osaka.jp/
272043,池田市,http://www.city.ikeda.osaka.jp/
272051,吹田市,http://www.city.suita.osaka.jp/
272060,泉大津市,http://www.city.izumiotsu.lg.jp/
272078,高槻市,http://www.city.takatsuki.osaka.jp/
272086,貝塚市,https://www.city.kaizuka.lg.jp/
272094,守口市,http://www.city.moriguchi.osaka.jp/
272108,枚方市,https://www.city.hirakata.osaka.jp/
272116,茨木市,http://www.city.ibaraki.osaka.jp/
272124,八尾市,http://www.city.yao.osaka.jp/
272132,泉佐野市,http://www.city.izumisano.lg.jp/
272141,富田林市,http://www.city.tondabayashi.osaka.jp/
272159,寝屋川市,http://www.city.neyagawa.osaka.jp/
272167,河内長野市,https://www.city.kawachinagano.lg.jp/
272175,松原市,http://www.city.matsubara.osaka.jp/
272183,大東市,http://www.city.daito.lg.jp/
272191,和泉市,http://www.city.osaka-izumi.lg.jp/
272205,箕面市,http://www.city.minoh.lg.jp/
272213,柏原市,http://www.city.kashiwara.osaka.jp/
272221,羽曳野市,https://www.city.habikino.lg.jp/
272230,門真市,http://www.city.kadoma.osaka.jp/
272248,摂津市,https://www.city.settsu.osaka.jp/
272256,高石市,http://www.city.takaishi.lg.jp/
272264,藤井寺市,https://www.city.fujiidera.lg.jp/
272272,東大阪市,https://www.city.higashiosaka.lg.jp/
272281,泉南市,http://www.city.sennan.lg.jp/
272299,四條畷市,http://www.city.shijonawate.lg.jp/
272302,交野市,http://www.city.katano.osaka.jp/
272311,大阪狭山市,http://www.city.osakasayama.osaka.jp/
272329,阪南市,http://www.city.hannan.lg.jp/
273015,島本町,http://www.shimamotocho.jp/
273210,豊能町,http://www.town.toyono.osaka.jp/
273228,能勢町,http://www.town.nose.osaka.jp/
273414,忠岡町,http://www.town.tadaoka.osaka.jp/
273619,熊取町,http://www.town.kumatori.lg.jp/
273627,田尻町,http://www.town.tajiri.osaka.jp/
273660,岬町,http://www.town.misaki.osaka.jp/
273813,太子町,http://www.town.taishi.osaka.jp/
273821,河南町,http://www.town.kanan.osaka.jp/
273830,千早赤阪村,http://www.vill.chihayaakasaka.osaka.jp/
280003,兵庫県,https://web.pref.hyogo.lg.jp/
281000,神戸市,http://www.city.kobe.lg.jp/
281018,東灘区,http://www.city.kobe.lg.jp/ward/kuyakusho/higashinada/
281026,灘区,http://www.city.kobe.lg.jp/ward/kuyakusho/nada/
281051,兵庫区,http://www.city.kobe.lg.jp/ward/kuyakusho/hyogo/
281069,長田区,http://www.city.kobe.lg.jp/ward/kuyakusho/nagata/
281077,須磨区,http://www.city.kobe.lg.jp/ward/kuyakusho/suma
281085,垂水区,http://www.city.kobe.lg.jp/ward/kuyakusho/tarumi/
281093,北区,http://www.city.kobe.lg.jp/ward/kuyakusho/kita/
281107,中央区,http://www.city.kobe.lg.jp/ward/kuyakusho/chuou/
281115,西区,http://www.city.kobe.lg.jp/ward/kuyakusho/nishi/
282014,姫路市,http://www.city.himeji.lg.jp/
282022,尼崎市,http://www.city.amagasaki.hyogo.jp/
282031,明石市,http://www.city.akashi.lg.jp/
282049,西宮市,https://www.nishi.or.jp/
282057,洲本市,http://www.city.sumoto.lg.jp/
282065,芦屋市,http://www.city.ashiya.lg.jp/
282073,伊丹市,http://www.city.itami.lg.jp/
282081,相生市,https://www.city.aioi.lg.jp/
282090,豊岡市,http://www.city.toyooka.lg.jp/
282103,加古川市,http://www.city.kakogawa.lg.jp/
282120,赤穂市,https://www.city.ako.lg.jp/
282138,西脇市,http://www.city.nishiwaki.lg.jp/
282146,宝塚市,http://www.city.takarazuka.hyogo.jp/
282154,三木市,http://www.city.miki.lg.jp/
282162,高砂市,http://www.city.takasago.hyogo.jp/
282171,川西市,http://www.city.kawanishi.hyogo.jp/
282189,小野市,https://www.city.ono.hyogo.jp/
282197,三田市,http://www.city.sanda.lg.jp/
282201,加西市,http://www.city.kasai.hyogo.jp/
282219,篠山市,https://www.city.sasayama.hyogo.jp/
282227,養父市,https://www.city.yabu.hyogo.jp/
282235,丹波市,https://www.city.tamba.lg.jp/
282243,南あわじ市,https://www.city.minamiawaji.hyogo.jp/
282251,朝来市,https://www.city.asago.hyogo.jp/
282260,淡路市,https://www.city.awaji.lg.jp/
282278,宍粟市,http://www.city.shiso.lg.jp/
282286,加東市,http://www.city.kato.lg.jp/
282294,たつの市,http://www.city.tatsuno.lg.jp/
283011,猪名川町,http://www.town.inagawa.lg.jp/
283657,多可町,https://www.town.taka.lg.jp/
283819,稲美町,http://www.town.hyogo-inami.lg.jp/
283827,播磨町,https://www.town.harima.lg.jp/
284424,市川町,http://www.town.ichikawa.hyogo.jp/
284432,福崎町,http://www.town.fukusaki.hyogo.jp/
284467,神河町,http://www.town.kamikawa.hyogo.jp/
284645,太子町,http://www.town.hyogo-taishi.lg.jp/
284815,上郡町,http://www.town.kamigori.hyogo.jp/
285013,佐用町,http://www.town.sayo.lg.jp/
285854,香美町,http://www.town.mikata-kami.lg.jp/
285862,新温泉町,http://www.town.shinonsen.hyogo.jp/
290009,奈良県,http://www.pref.nara.jp
292010,奈良市,http://www.city.nara.lg.jp/
292028,大和高田市,http://www.city.yamatotakada.nara.jp/
292036,大和郡山市,https://www.city.yamatokoriyama.nara.jp/
292044,天理市,http://www.city.tenri.nara.jp/
292052,橿原市,http://www.city.kashihara.nara.jp/
292061,桜井市,http://www.city.sakurai.lg.jp/
292079,五條市,http://www.city.gojo.lg.jp/
292087,御所市,https://www.city.gose.nara.jp/
292095,生駒市,https://www.city.ikoma.lg.jp/
292109,香芝市,https://www.city.kashiba.lg.jp/
292117,葛城市,https://www.city.katsuragi.nara.jp/
292125,宇陀市,https://www.city.uda.nara.jp/
293229,山添村,http://www.vill.yamazoe.nara.jp/
293423,平群町,http://www.town.heguri.nara.jp/
293431,三郷町,http://www.town.sango.nara.jp/
293440,斑鳩町,https://www.town.ikaruga.nara.jp/
293458,安堵町,http://www.town.ando.nara.jp/
293610,川西町,http://www.town.nara-kawanishi.lg.jp/
293628,三宅町,http://www.town.miyake.nara.jp/
293636,田原本町,http://www.town.tawaramoto.nara.jp/
293857,曽爾村,http://www.vill.soni.nara.jp/
293865,御杖村,http://www.vill.mitsue.nara.jp/
294012,高取町,https://www.town.takatori.nara.jp/
294021,明日香村,https://www.asukamura.jp/
294241,上牧町,http://www.town.kanmaki.nara.jp/
294250,王寺町,http://www.town.oji.nara.jp/
294268,広陵町,http://www.town.koryo.nara.jp/
294276,河合町,http://www.town.kawai.nara.jp/
294411,吉野町,http://www.town.yoshino.nara.jp/
294420,大淀町,http://www.town.oyodo.lg.jp/
294438,下市町,https://www.town.shimoichi.lg.jp/
294446,黒滝村,http://www.vill.kurotaki.nara.jp/
294462,天川村,http://www.vill.tenkawa.nara.jp/
294471,野迫川村,http://www.vill.nosegawa.nara.jp/
294497,十津川村,http://www.vill.totsukawa.lg.jp/
294501,下北山村,http://www.vill.shimokitayama.nara.jp/
294519,上北山村,http://vill.kamikitayama.nara.jp/
294527,川上村,http://www.vill.kawakami.nara.jp/
294535,東吉野村,http://www.vill.higashiyoshino.nara.jp/
300004,和歌山県,https://www.pref.wakayama.lg.jp/
302015,和歌山市,http://www.city.wakayama.wakayama.jp/
302023,海南市,http://www.city.kainan.wakayama.jp/
302031,橋本市,http://www.city.hashimoto.lg.jp/
302040,有田市,http://www.city.arida.lg.jp/
302058,御坊市,http://www.city.gobo.wakayama.jp/
302066,田辺市,http://www.city.tanabe.lg.jp/
302074,新宮市,https://www.city.shingu.lg.jp/
302082,紀の川市,http://www.city.kinokawa.lg.jp/
302091,岩出市,http://www.city.iwade.lg.jp/
303046,紀美野町,https://www.town.kimino.wakayama.jp/
303411,かつらぎ町,http://www.town.katsuragi.wakayama.jp/
303437,九度山町,https://www.town.kudoyama.wakayama.jp/
303445,高野町,http://www.town.koya.wakayama.jp/
303615,湯浅町,http://www.town.yuasa.wakayama.jp/
303623,広川町,http://www.town.hirogawa.wakayama.jp/
303666,有田川町,http://www.town.aridagawa.lg.jp/
303810,美浜町,http://www.town.mihama.wakayama.jp/
303828,日高町,http://www.town.wakayama-hidaka.lg.jp/
303836,由良町,http://www.town.yura.wakayama.jp/
303909,印南町,http://www.town.wakayama-inami.lg.jp/
303917,みなべ町,http://www.town.minabe.lg.jp/
303925,日高川町,http://www.town.hidakagawa.lg.jp/
304018,白浜町,http://www.town.shirahama.wakayama.jp/
304042,上富田町,http://www.town.kamitonda.lg.jp/
304069,すさみ町,http://www.town.susami.lg.jp/
304212,那智勝浦町,https://www.town.nachikatsuura.wakayama.jp/
304221,太地町,http://www.town.taiji.lg.jp/
304247,古座川町,http://www.town.kozagawa.wakayama.jp/
304271,北山村,http://www.vill.kitayama.wakayama.jp/
304280,串本町,http://www.town.kushimoto.wakayama.jp/
310000,鳥取県,http://www.pref.tottori.lg.jp/
312011,鳥取市,http://www.city.tottori.lg.jp/
312029,米子市,https://www.city.yonago.lg.jp/
312037,倉吉市,https://www.city.kurayoshi.lg.jp/
312045,境港市,http://www.city.sakaiminato.lg.jp/
313025,岩美町,http://www.iwami.gr.jp/
313254,若桜町,http://www.town.wakasa.tottori.jp/
313289,智頭町,http://www1.town.chizu.tottori.jp/
313297,八頭町,http://www.town.yazu.tottori.jp/
313645,三朝町,http://www.town.misasa.tottori.jp/
313700,湯梨浜町,http://www.yurihama.jp/
313718,琴浦町,http://www.town.kotoura.tottori.jp/
313726,北栄町,http://www.e-hokuei.net/
313840,日吉津村,http://www.hiezu.jp/
313866,大山町,http://www.daisen.jp/
313891,南部町,http://www.town.nanbu.tottori.jp/
313904,伯耆町,http://www.houki-town.jp/
314013,日南町,http://www.town.nichinan.lg.jp/
314021,日野町,http://www.town.hino.tottori.jp/
314030,江府町,http://www.town-kofu.jp/
320005,島根県,http://www.pref.shimane.lg.jp/
322016,松江市,https://www.city.matsue.shimane.jp/
322024,浜田市,http://www.city.hamada.shimane.jp/
322032,出雲市,http://www.city.izumo.shimane.jp/
322041,益田市,https://www.city.masuda.lg.jp/
322059,大田市,http://www.city.ohda.lg.jp/
322067,安来市,https://www.city.yasugi.shimane.jp/
322075,江津市,https://www.city.gotsu.lg.jp/
322091,雲南市,https://www.city.unnan.shimane.jp/
323438,奥出雲町,http://www.town.okuizumo.shimane.jp/
323861,飯南町,http://www.iinan.jp/
324418,川本町,http://www.town.shimane-kawamoto.lg.jp/
324485,美郷町,http://www.town.shimane-misato.lg.jp/
324493,邑南町,http://www.town.ohnan.lg.jp/
325015,津和野町,http://www.town.tsuwano.lg.jp/
325058,吉賀町,http://www.town.yoshika.lg.jp/
325252,海士町,http://www.town.ama.shimane.jp/
325261,西ノ島町,http://www.town.nishinoshima.shimane.jp/
325279,知夫村,http://www.vill.chibu.lg.jp/
325287,隠岐の島町,http://www.town.okinoshima.shimane.jp/
330001,岡山県,http://www.pref.okayama.lg.jp
331007,岡山市,http://www.city.okayama.jp/
331015,北区,http://www.city.okayama.jp/kitaku/
331023,中区,http://www.city.okayama.jp/nakaku/soumu/
331031,東区,http://www.city.okayama.jp/higashiku/soumu/
331040,南区,http://www.city.okayama.jp/minamiku/soumu/
332020,倉敷市,https://www.city.kurashiki.okayama.jp/
332038,津山市,https://www.city.tsuyama.lg.jp/
332046,玉野市,http://www.city.tamano.lg.jp/
332054,笠岡市,http://www.city.kasaoka.okayama.jp/
332071,井原市,http://www.city.ibara.okayama.jp/
332089,総社市,https://www.city.soja.okayama.jp/
332097,高梁市,http://www.city.takahashi.okayama.jp/
332101,新見市,http://www.city.niimi.okayama.jp/
332119,備前市,http://www.city.bizen.okayama.jp/
332127,瀬戸内市,http://www.city.setouchi.lg.jp/
332135,赤磐市,http://www.city.akaiwa.lg.jp/
332143,真庭市,http://www.city.maniwa.lg.jp/
332151,美作市,http://www.city.mimasaka.lg.jp/
332160,浅口市,http://www.city.asakuchi.lg.jp/
333468,和気町,http://www.town.wake.okayama.jp/
334235,早島町,http://www.town.hayashima.lg.jp/
334456,里庄町,http://www.town.satosho.okayama.jp/
334618,矢掛町,http://www.town.yakage.lg.jp/
335860,新庄村,http://www.vill.shinjo.okayama.jp/
336068,鏡野町,http://www.town.kagamino.lg.jp/
336220,勝央町,http://www.town.shoo.lg.jp/
336238,奈義町,http://www.town.nagi.okayama.jp/
336432,西粟倉村,http://www.vill.nishiawakura.okayama.jp/
336637,久米南町,http://www.town.kumenan.okayama.jp/
336661,美咲町,http://www.town.misaki.okayama.jp/
336815,吉備中央町,http://www.town.kibichuo.lg.jp/
340006,広島県,http://www.pref.hiroshima.lg.jp
341002,広島市,http://www.city.hiroshima.lg.jp/
341011,中区,http://www.city.hiroshima.lg.jp/naka/
341029,東区,http://www.city.hiroshima.lg.jp/higashi/
341037,南区,http://www.city.hiroshima.lg.jp/minami/
341045,西区,http://www.city.hiroshima.lg.jp/nishi/
341053,安佐南区,http://www.city.hiroshima.lg.jp/asaminami/
341061,安佐北区,http://www.city.hiroshima.lg.jp/asakita/
341070,安芸区,http://www.city.hiroshima.lg.jp/aki/
341088,佐伯区,http://www.city.hiroshima.lg.jp/saeki/
342025,呉市,http://www.city.kure.lg.jp/
342033,竹原市,http://www.city.takehara.lg.jp/
342041,三原市,http://www.city.mihara.hiroshima.jp/
342050,尾道市,https://www.city.onomichi.hiroshima.jp/
342076,福山市,https://www.city.fukuyama.hiroshima.jp/
342084,府中市,http://www.city.fuchu.hiroshima.jp/
342092,三次市,https://www.city.miyoshi.hiroshima.jp/
342106,庄原市,http://www.city.shobara.hiroshima.jp/
342114,大竹市,http://www.city.otake.hiroshima.jp/
342122,東広島市,http://www.city.higashihiroshima.hiroshima.jp/
342131,廿日市市,http://www.city.hatsukaichi.hiroshima.jp/
342149,安芸高田市,http://www.akitakata.jp/
342157,江田島市,http://www.city.etajima.hiroshima.jp/
343021,府中町,http://www.town.fuchu.hiroshima.jp/
343048,海田町,http://www.town.kaita.lg.jp/
343072,熊野町,http://www.town.kumano.hiroshima.jp/
343099,坂町,http://www.town.saka.hiroshima.jp/
343684,安芸太田町,http://www.akiota.jp/
343692,北広島町,http://www.town.kitahiroshima.lg.jp/
344311,大崎上島町,http://www.town.osakikamijima.hiroshima.jp/
344621,世羅町,http://www.town.sera.hiroshima.jp/
345458,神石高原町,http://www.jinsekigun.jp/
350001,山口県,http://www.pref.yamaguchi.lg.jp/
352012,下関市,http://www.city.shimonoseki.lg.jp/
352021,宇部市,http://www.city.ube.yamaguchi.jp/
352039,山口市,http://www.city.yamaguchi.lg.jp/
352047,萩市,https://www.city.hagi.lg.jp/
352063,防府市,https://www.city.hofu.yamaguchi.jp/
352071,下松市,http://www.city.kudamatsu.lg.jp/
352080,岩国市,http://www.city.iwakuni.lg.jp/
352101,光市,https://www.city.hikari.lg.jp/
352110,長門市,https://www.city.nagato.yamaguchi.jp/
352128,柳井市,https://www.city-yanai.jp/
352136,美祢市,http://www2.city.mine.lg.jp/
352152,周南市,http://www.city.shunan.lg.jp/
352161,山陽小野田市,http://www.city.sanyo-onoda.lg.jp/
353051,周防大島町,http://www.town.suo-oshima.lg.jp/
353213,和木町,http://www.town.waki.lg.jp/
353418,上関町,http://www.town.kaminoseki.lg.jp/
353434,田布施町,http://www.town.tabuse.lg.jp/
353442,平生町,http://www.town.hirao.lg.jp/
355020,阿武町,http://www.town.abu.lg.jp/
360007,徳島県,https://www.pref.tokushima.lg.jp/
362018,徳島市,http://www.city.tokushima.tokushima.jp/
362026,鳴門市,https://www.city.naruto.tokushima.jp/
362034,小松島市,https://www.city.komatsushima.tokushima.jp/
362042,阿南市,http://www.city.anan.tokushima.jp/
362051,吉野川市,http://www.city.yoshinogawa.lg.jp/
362069,阿波市,https://www.city.awa.lg.jp/
362077,美馬市,http://www.city.mima.lg.jp/
362085,三好市,https://www.miyoshi.i-tokushima.jp/
363014,勝浦町,http://www.town.katsuura.lg.jp/
363022,上勝町,http://www.kamikatsu.jp/
363219,佐那河内村,http://www.vill.sanagochi.lg.jp/
363413,石井町,http://www.town.ishii.lg.jp/
363421,神山町,http://www.town.kamiyama.lg.jp/
363685,那賀町,http://www.town.tokushima-naka.lg.jp/
363839,牟岐町,http://www.town.tokushima-mugi.lg.jp/
363871,美波町,http://www.town.minami.tokushima.jp/
363880,海陽町,http://www.town.kaiyo.lg.jp/
364011,松茂町,http://www.town.matsushige.tokushima.jp/
364029,北島町,http://www.town.kitajima.lg.jp/
364037,藍住町,http://www.town.aizumi.tokushima.jp/
364045,板野町,http://www.town.itano.tokushima.jp/
364053,上板町,http://www.townkamiita.jp/
364681,つるぎ町,http://www.town.tokushima-tsurugi.lg.jp/
364894,東みよし町,http://www.town.higashimiyoshi.lg.jp/
370002,香川県,http://www.pref.kagawa.lg.jp
372013,高松市,https://www.city.takamatsu.kagawa.jp/
372021,丸亀市,http://www.city.marugame.lg.jp/
372030,坂出市,http://www.city.sakaide.lg.jp/
372048,善通寺市,http://www.city.zentsuji.kagawa.jp/
372056,観音寺市,https://www.city.kanonji.kagawa.jp/
372064,さぬき市,http://www.city.sanuki.kagawa.jp/
372072,東かがわ市,https://www.higashikagawa.jp/
372081,三豊市,http://www.city.mitoyo.lg.jp/
373222,土庄町,http://www.town.tonosho.kagawa.jp/
373249,小豆島町,http://www.town.shodoshima.lg.jp/
373419,三木町,http://www.town.miki.lg.jp/
373648,直島町,http://www.town.naoshima.lg.jp/
373869,宇多津町,http://town.utazu.kagawa.jp/
373877,綾川町,http://www.town.ayagawa.kagawa.jp/
374032,琴平町,http://www.town.kotohira.kagawa.jp/
374041,多度津町,http://www.town.tadotsu.kagawa.jp/
374067,まんのう町,http://www.town.manno.lg.jp/
380008,愛媛県,http://www.pref.ehime.jp
382019,松山市,http://www.city.matsuyama.ehime.jp/
382027,今治市,https://www.city.imabari.ehime.jp/
382035,宇和島市,https://www.city.uwajima.ehime.jp/
382043,八幡浜市,http://www.city.yawatahama.ehime.jp/
382051,新居浜市,https://www.city.niihama.lg.jp/
382060,西条市,https://www.city.saijo.ehime.jp/
382078,大洲市,http://www.city.ozu.ehime.jp/
382108,伊予市,https://www.city.iyo.lg.jp/
382132,四国中央市,https://www.city.shikokuchuo.ehime.jp/
382141,西予市,https://www.city.seiyo.ehime.jp/
382159,東温市,http://www.city.toon.ehime.jp/
383562,上島町,http://www.town.kamijima.ehime.jp/
383864,久万高原町,http://www.kumakogen.jp/
384011,松前町,http://www.town.masaki.ehime.jp/
384020,砥部町,http://www.town.tobe.ehime.jp/
384224,内子町,http://www.town.uchiko.ehime.jp/
384429,伊方町,http://www.town.ikata.ehime.jp/
384844,松野町,http://www.town.matsuno.ehime.jp/
384887,鬼北町,http://www.town.kihoku.ehime.jp/
385069,愛南町,http://www.town.ainan.ehime.jp/
390003,高知県,http://www.pref.kochi.lg.jp
392014,高知市,http://www.city.kochi.kochi.jp/
392022,室戸市,http://www.city.muroto.kochi.jp/
392031,安芸市,https://www.city.aki.kochi.jp/
392049,南国市,https://www.city.nankoku.lg.jp/
392057,土佐市,http://www.city.tosa.lg.jp/
392065,須崎市,http://www.city.susaki.lg.jp/
392081,宿毛市,http://www.city.sukumo.kochi.jp/
392090,土佐清水市,http://www.city.tosashimizu.kochi.jp/
392103,四万十市,http://www.city.shimanto.lg.jp/
392111,香南市,http://www.city.kochi-konan.lg.jp/
392120,香美市,http://www.city.kami.kochi.jp/
393011,東洋町,http://www.town.toyo.kochi.jp/
393029,奈半利町,http://www.town.nahari.kochi.jp/
393037,田野町,http://www.chugei.or.jp/tano/
393045,安田町,http://www.town.yasuda.kochi.jp/
393053,北川村,http://www.kitagawamura.jp/
393061,馬路村,http://www.vill.umaji.kochi.jp/
393070,芸西村,http://www.vill.geisei.kochi.jp/
393410,本山町,http://www.town.motoyama.kochi.jp/
393444,大豊町,http://www.town.otoyo.kochi.jp/
393631,土佐町,http://www.town.tosa.kochi.jp/
393649,大川村,http://www.vill.okawa.kochi.jp/
393860,いの町,http://www.town.ino.kochi.jp/
393878,仁淀川町,http://www.town.niyodogawa.lg.jp/
394017,中土佐町,http://www.town.nakatosa.lg.jp/
394025,佐川町,http://www.town.sakawa.lg.jp/
394033,越知町,http://www.town.ochi.kochi.jp/
394050,檮原町,http://www.town.yusuhara.kochi.jp/
394106,日高村,http://www.vill.hidaka.kochi.jp/
394114,津野町,http://www.town.kochi-tsuno.lg.jp/
394122,四万十町,http://www.town.shimanto.lg.jp/
394246,大月町,http://www.town.otsuki.kochi.jp/
394271,三原村,http://www.vill.mihara.kochi.jp/
394289,黒潮町,http://www.town.kuroshio.lg.jp/
400009,福岡県,http://www.pref.fukuoka.lg.jp
401005,北九州市,http://www.city.kitakyushu.lg.jp/
401013,門司区,http://www.city.kitakyushu.lg.jp/moji/
401030,若松区,http://www.city.kitakyushu.lg.jp/wakamatsu/
401056,戸畑区,http://www.city.kitakyushu.lg.jp/tobata/
401064,小倉北区,http://www.city.kitakyushu.lg.jp/kokurakita/
401072,小倉南区,http://www.city.kitakyushu.lg.jp/kokuraminami/
401081,八幡東区,http://www.city.kitakyushu.lg.jp/yahatahigashi/
401099,八幡西区,http://www.city.kitakyushu.lg.jp/yahatanishi/
401307,福岡市,http://www.city.fukuoka.lg.jp/
401315,東区,http://www.city.fukuoka.lg.jp/higashi/index.html
401323,博多区,http://www.city.fukuoka.lg.jp/hakata/
401331,中央区,http://www.city.fukuoka.lg.jp/chuo/
401340,南区,http://www.city.fukuoka.lg.jp/minami/
401358,西区,http://www.city.fukuoka.lg.jp/nishi/
401366,城南区,http://www.city.fukuoka.lg.jp/jonan/
401374,早良区,http://www.city.fukuoka.lg.jp/sawara/
402028,大牟田市,https://www.city.omuta.lg.jp/
402036,久留米市,https://www.city.kurume.fukuoka.jp/
402044,直方市,https://www.city.nogata.fukuoka.jp/
402052,飯塚市,https://www.city.iizuka.lg.jp/
402061,田川市,https://www.joho.tagawa.fukuoka.jp/
402079,柳川市,https://www.city.yanagawa.fukuoka.jp/
402109,八女市,http://www.city.yame.fukuoka.jp/
402117,筑後市,http://www.city.chikugo.lg.jp/
402125,大川市,http://www.city.okawa.fukuoka.jp/
402133,行橋市,http://www.city.yukuhashi.lg.jp/
402141,豊前市,http://www.city.buzen.lg.jp/
402150,中間市,http://www.city.nakama.lg.jp/
402168,小郡市,http://www.city.ogori.fukuoka.jp/
402176,筑紫野市,https://www.city.chikushino.fukuoka.jp/
402184,春日市,http://www.city.kasuga.fukuoka.jp/
402192,大野城市,http://www.city.onojo.fukuoka.jp/
402206,宗像市,https://www.city.munakata.lg.jp/
402214,太宰府市,http://www.city.dazaifu.lg.jp/
402231,古賀市,http://www.city.koga.fukuoka.jp/
402249,福津市,http://www.city.fukutsu.lg.jp/
402257,うきは市,http://www.city.ukiha.fukuoka.jp/
402265,宮若市,http://www.city.miyawaka.lg.jp/
402273,嘉麻市,http://www.city.kama.lg.jp/
402281,朝倉市,http://www.city.asakura.lg.jp/
402290,みやま市,http://www.city.miyama.lg.jp/
402303,糸島市,http://www.city.itoshima.lg.jp/
402311,那珂川市,http://www.town.fukuoka-nakagawa.lg.jp/
403415,宇美町,http://www.town.umi.lg.jp/
403423,篠栗町,http://www.town.sasaguri.fukuoka.jp/
403431,志免町,http://www.town.shime.lg.jp/
403440,須恵町,http://www.town.sue.fukuoka.jp/
403458,新宮町,http://www.town.shingu.fukuoka.jp/
403482,久山町,http://www.town.hisayama.fukuoka.jp/
403491,粕屋町,http://www.town.kasuya.fukuoka.jp/
403814,芦屋町,http://www.town.ashiya.lg.jp/
403822,水巻町,https://www.town.mizumaki.lg.jp/
403831,岡垣町,https://www.town.okagaki.lg.jp/
403849,遠賀町,http://www.town.onga.lg.jp/
404012,小竹町,http://town.kotake.lg.jp/
404021,鞍手町,http://www.town.kurate.lg.jp/
404217,桂川町,http://www.town.keisen.fukuoka.jp/
404471,筑前町,http://www.town.chikuzen.fukuoka.jp/
404489,東峰村,http://www1.vill.toho.fukuoka.jp/
405035,大刀洗町,http://www.town.tachiarai.fukuoka.jp/
405221,大木町,http://www.town.ooki.lg.jp/
405442,広川町,http://www.town.hirokawa.fukuoka.jp/
406015,香春町,http://www.town.kawara.fukuoka.jp/
406023,添田町,https://www.town.soeda.fukuoka.jp/
406040,糸田町,http://www.town.itoda.lg.jp/
406058,川崎町,http://www.town-kawasaki.com/
406082,大任町,http://www.town.oto.fukuoka.jp/
406091,赤村,http://www.akamura.net/
406104,福智町,http://www.town.fukuchi.lg.jp/
406210,苅田町,http://www.town.kanda.lg.jp/
406252,みやこ町,http://www.town.miyako.lg.jp/
406422,吉富町,http://www.town.yoshitomi.lg.jp/
406465,上毛町,http://www.town.koge.lg.jp/
406473,築上町,http://www.town.chikujo.fukuoka.jp/
410004,佐賀県,http://www.pref.saga.lg.jp/
412015,佐賀市,https://www.city.saga.lg.jp/
412023,唐津市,https://www.city.karatsu.lg.jp/
412031,鳥栖市,http://www.city.tosu.lg.jp/
412040,多久市,https://www.city.taku.lg.jp/
412058,伊万里市,http://www.city.imari.saga.jp/
412066,武雄市,https://www.city.takeo.lg.jp/
412074,鹿島市,https://www.city.saga-kashima.lg.jp/
412082,小城市,http://www.city.ogi.lg.jp/
412091,嬉野市,https://www.city.ureshino.lg.jp/
412104,神埼市,http://www.city.kanzaki.saga.jp/
413275,吉野ヶ里町,http://www.town.yoshinogari.saga.jp/
413411,基山町,http://www.town.kiyama.lg.jp/
413453,上峰町,http://www.town.kamimine.lg.jp/
413461,みやき町,http://www.town.miyaki.lg.jp/
413879,玄海町,http://www.town.genkai.saga.jp/
414018,有田町,http://www.town.arita.lg.jp/
414239,大町町,http://www.town.omachi.saga.jp/
414247,江北町,http://www.town.kouhoku.saga.jp/
414255,白石町,http://www.town.shiroishi.lg.jp/
414417,太良町,http://www.town.tara.lg.jp/
420000,長崎県,https://www.pref.nagasaki.jp/
422011,長崎市,http://www.city.nagasaki.lg.jp/
422029,佐世保市,http://www.city.sasebo.lg.jp/
422037,島原市,http://www.city.shimabara.lg.jp/
422045,諫早市,https://www.city.isahaya.nagasaki.jp/
422053,大村市,http://www.city.omura.nagasaki.jp/
422070,平戸市,http://www.city.hirado.nagasaki.jp/
422088,松浦市,http://www.city-matsuura.jp/
422096,対馬市,http://www.city.tsushima.nagasaki.jp/
422100,壱岐市,https://www.city.iki.nagasaki.jp/
422118,五島市,http://www.city.goto.nagasaki.jp/
422126,西海市,http://www.city.saikai.nagasaki.jp/
422134,雲仙市,http://www.city.unzen.nagasaki.jp/
422142,南島原市,http://www.city.minamishimabara.lg.jp/
423076,長与町,http://webtown.nagayo.jp/
423084,時津町,http://www.town.togitsu.nagasaki.jp/
423211,東彼杵町,http://www.sonogi.jp/
423220,川棚町,http://www.kawatana.jp/
423238,波佐見町,http://www.town.hasami.nagasaki.jp/
423831,小値賀町,http://ojika.net/
423912,佐々町,http://www.sazacho-nagasaki.jp/
424111,新上五島町,http://official.shinkamigoto.net/
430005,熊本県,http://www.pref.kumamoto.jp
431001,熊本市,http://www.city.kumamoto.jp/
431010,中央区,http://www.city.kumamoto.jp/chuo/
431028,東区,http://www.city.kumamoto.jp/higashi/
431036,西区,http://www.city.kumamoto.jp/nishi/
431044,南区,http://www.city.kumamoto.jp/minami/
431052,北区,http://www.city.kumamoto.jp/kita/
432024,八代市,http://www.city.yatsushiro.lg.jp/
432032,人吉市,http://www.city.hitoyoshi.lg.jp/
432041,荒尾市,https://www.city.arao.lg.jp/
432059,水俣市,http://www.city.minamata.lg.jp/
432067,玉名市,https://www.city.tamana.lg.jp/
432083,山鹿市,http://www.city.yamaga.kumamoto.jp/
432105,菊池市,http://www.city.kikuchi.lg.jp/
432113,宇土市,http://www.city.uto.kumamoto.jp/
432121,上天草市,http://www.city.kamiamakusa.kumamoto.jp/
432130,宇城市,http://www.city.uki.kumamoto.jp/
432148,阿蘇市,http://www.city.aso.kumamoto.jp/
432156,天草市,https://www.city.amakusa.kumamoto.jp/
432164,合志市,https://www.city.koshi.lg.jp/
433489,美里町,http://www.town.kumamoto-misato.lg.jp/
433641,玉東町,http://www.town.gyokuto.kumamoto.jp/
433675,南関町,http://www.town.nankan.lg.jp/
433683,長洲町,http://www.town.nagasu.lg.jp/
433691,和水町,http://www.town.nagomi.lg.jp/
434035,大津町,https://www.town.ozu.kumamoto.jp/
434043,菊陽町,http://www.town.kikuyo.lg.jp/
434230,南小国町,http://www.town.minamioguni.kumamoto.jp/
434248,小国町,http://www.aso-oguni.com/
434256,産山村,http://www.ubuyama-v.jp/
434281,高森町,http://www.town.takamori.kumamoto.jp/
434329,西原村,http://www.vill.nishihara.kumamoto.jp/
434337,南阿蘇村,http://www.vill.minamiaso.lg.jp/
434418,御船町,http://portal.kumamoto-net.ne.jp/town_mifune/
434426,嘉島町,http://www.town.kashima.kumamoto.jp/
434434,益城町,http://www.town.mashiki.lg.jp/
434442,甲佐町,http://www.town.kosa.kumamoto.jp/
434477,山都町,http://www.town.kumamoto-yamato.lg.jp/
434680,氷川町,http://www.hikawacyou.hinokuni-net.jp/
434825,芦北町,http://www.ashikita-t.kumamoto-sgn.jp/
434841,津奈木町,http://www.town.tsunagi.lg.jp/
435015,錦町,http://www.nishiki-machi.com/
435058,多良木町,http://www.town.taragi.lg.jp/
435066,湯前町,http://www.town.yunomae.lg.jp/
435074,水上村,http://www.vill.mizukami.lg.jp/
435104,相良村,http://www.vill.sagara.lg.jp/
435112,五木村,http://www.vill.itsuki.lg.jp/
435121,山江村,http://www.vill.yamae.lg.jp/
435139,球磨村,http://www.kumamura.com/
435147,あさぎり町,http://www.town.asagiri.lg.jp/
435317,苓北町,http://reihoku-kumamoto.jp/
440001,大分県,http://www.pref.oita.lg.jp
442011,大分市,https://www.city.oita.oita.jp/
442020,別府市,https://www.city.beppu.oita.jp/
442038,中津市,https://www.city-nakatsu.jp/
442046,日田市,http://www.city.hita.oita.jp/
442054,佐伯市,http://www.city.saiki.oita.jp/
442062,臼杵市,http://www.city.usuki.oita.jp/
442071,津久見市,https://www.city.tsukumi.oita.jp/
442089,竹田市,http://www.city.taketa.oita.jp/
442097,豊後高田市,http://www.city.bungotakada.oita.jp/
442101,杵築市,https://www.city.kitsuki.lg.jp/
442119,宇佐市,https://www.city.usa.oita.jp/
442127,豊後大野市,http://www.bungo-ohno.jp/
442135,由布市,http://www.city.yufu.oita.jp/
442143,国東市,http://www.city.kunisaki.oita.jp/
443221,姫島村,http://www.himeshima.jp/
443417,日出町,http://www.town.hiji.oita.jp/
444618,九重町,http://www.town.kokonoe.oita.jp/
444626,玖珠町,http://www.town.kusu.oita.jp/
450006,宮崎県,http://www.pref.miyazaki.lg.jp
452017,宮崎市,http://www.city.miyazaki.miyazaki.jp/
452025,都城市,http://www.city.miyakonojo.miyazaki.jp/
452033,延岡市,http://www.city.nobeoka.miyazaki.jp/
452041,日南市,https://www.city.nichinan.lg.jp/
452050,小林市,http://www.city.kobayashi.lg.jp/
452068,日向市,http://www.city.hyuga.miyazaki.jp/
452076,串間市,http://www.city.kushima.lg.jp/
452084,西都市,http://www.saito-city.jp/
452092,えびの市,http://www.city.ebino.lg.jp/
453412,三股町,http://www.town.mimata.lg.jp/
453617,高原町,http://www.town.takaharu.lg.jp/
453820,国富町,http://www.town.kunitomi.miyazaki.jp/
453838,綾町,http://www.town.aya.miyazaki.jp/ayatown/
454010,高鍋町,http://www.town.takanabe.miyazaki.jp/
454028,新富町,http://www.town.shintomi.miyazaki.jp/
454036,西米良村,http://www.vill.nishimera.lg.jp/
454044,木城町,http://www.kijo.jp/
454052,川南町,http://www.town.kawaminami.miyazaki.jp/
454061,都農町,https://www.town.tsuno.lg.jp/
454214,門川町,http://www.town.kadogawa.lg.jp/
454290,諸塚村,http://www.vill.morotsuka.miyazaki.jp/
454303,椎葉村,http://www.vill.shiiba.miyazaki.jp/
454311,美郷町,http://www.town.miyazaki-misato.lg.jp/
454419,高千穂町,http://www.town-takachiho.jp/
454427,日之影町,http://www.town.hinokage.lg.jp/
454435,五ヶ瀬町,http://www.town.gokase.miyazaki.jp/
460001,鹿児島県,https://www.pref.kagoshima.jp/
462012,鹿児島市,http://www.city.kagoshima.lg.jp/
462039,鹿屋市,http://www.e-kanoya.net/
462047,枕崎市,https://www.city.makurazaki.lg.jp/
462063,阿久根市,http://www.city.akune.kagoshima.jp/
462080,出水市,http://www.city.izumi.kagoshima.jp/
462101,指宿市,https://www.city.ibusuki.lg.jp/
462136,西之表市,http://www.city.nishinoomote.lg.jp/
462144,垂水市,https://www.city.tarumizu.lg.jp/
462152,薩摩川内市,https://www.city.satsumasendai.lg.jp/
462161,日置市,https://www.city.hioki.kagoshima.jp/
462179,曽於市,https://www.city.soo.kagoshima.jp/
462187,霧島市,http://www.city-kirishima.jp/
462195,いちき串木野市,https://www.city.ichikikushikino.lg.jp/
462209,南さつま市,http://www.city.minamisatsuma.lg.jp/
462217,志布志市,http://www.city.shibushi.lg.jp/
462225,奄美市,http://www.city.amami.lg.jp/
462233,南九州市,https://www.city.minamikyushu.lg.jp/
462241,伊佐市,http://www.city.isa.kagoshima.jp/
462250,姶良市,https://www.city.aira.lg.jp/
463035,三島村,http://mishimamura.com/
463043,十島村,http://www.tokara.jp/
463922,さつま町,http://www.satsuma-net.jp/
464040,長島町,http://www.town.nagashima.lg.jp/
464520,湧水町,http://www.town.yusui.kagoshima.jp/
464686,大崎町,http://www.town.kagoshima-osaki.lg.jp/
464821,東串良町,http://www.higashikushira.com/
464902,錦江町,http://www.town.kinko.lg.jp/
464911,南大隅町,http://www.town.minamiosumi.lg.jp/
464929,肝付町,http://www.kimotsuki-town.jp/
465011,中種子町,http://town.nakatane.kagoshima.jp/
465020,南種子町,http://www.town.minamitane.kagoshima.jp/
465054,屋久島町,http://www.town.yakushima.kagoshima.jp/
465232,大和村,http://www.vill.yamato.lg.jp/
465241,宇検村,http://www.uken.net/
465259,瀬戸内町,https://www.town.setouchi.lg.jp/
465275,龍郷町,http://www.town.tatsugo.lg.jp/
465291,喜界町,http://www.town.kikai.lg.jp/
465305,徳之島町,http://www.tokunoshima-town.org/
465313,天城町,http://www.yui-amagi.com/
465321,伊仙町,http://www.town.isen.kagoshima.jp/
465330,和泊町,http://www.town.wadomari.lg.jp/
465348,知名町,http://www.town.china.lg.jp/
465356,与論町,http://www.yoron.jp/
470007,沖縄県,http://www.pref.okinawa.lg.jp
472018,那覇市,http://www.city.naha.okinawa.jp/
472051,宜野湾市,http://www.city.ginowan.okinawa.jp/
472077,石垣市,http://www.city.ishigaki.okinawa.jp/
472085,浦添市,http://www.city.urasoe.lg.jp/
472093,名護市,http://www.city.nago.okinawa.jp/
472107,糸満市,http://www.city.itoman.lg.jp/
472115,沖縄市,http://www.city.okinawa.okinawa.jp/
472123,豊見城市,http://www.city.tomigusuku.okinawa.jp/
472131,うるま市,http://www.city.uruma.lg.jp/
472140,宮古島市,http://www.city.miyakojima.lg.jp/
472158,南城市,http://www.city.nanjo.okinawa.jp/
473014,国頭村,http://www.vill.kunigami.okinawa.jp/
473022,大宜味村,http://www.vill.ogimi.okinawa.jp/
473031,東村,http://www.vill.higashi.okinawa.jp/
473065,今帰仁村,http://www.nakijin.jp/
473081,本部町,http://www.town.motobu.okinawa.jp/
473111,恩納村,http://www.vill.onna.okinawa.jp/
473138,宜野座村,http://www.vill.ginoza.okinawa.jp/
473146,金武町,http://www.town.kin.okinawa.jp/
473154,伊江村,http://www.iejima.org/
473243,読谷村,http://www.yomitan.jp/
473251,嘉手納町,http://www.town.kadena.okinawa.jp/
473260,北谷町,http://www.chatan.jp/
473278,北中城村,http://www.vill.kitanakagusuku.lg.jp/
473286,中城村,http://www.vill.nakagusuku.okinawa.jp/
473294,西原町,http://www.town.nishihara.okinawa.jp/
473481,与那原町,http://www.town.yonabaru.okinawa.jp/
473502,南風原町,http://www.town.haebaru.lg.jp/
473537,渡嘉敷村,http://www.vill.tokashiki.okinawa.jp/
473545,座間味村,http://www.vill.zamami.okinawa.jp/
473553,粟国村,http://www.vill.aguni.okinawa.jp/
473561,渡名喜村,http://www.vill.tonaki.okinawa.jp/
473570,南大東村,http://www.vill.minamidaito.okinawa.jp/
473588,北大東村,http://vill.kitadaito.okinawa.jp/
473596,伊平屋村,http://www.vill.iheya.okinawa.jp/
473600,伊是名村,http://vill.izena.okinawa.jp/
473618,久米島町,http://www.town.kumejima.okinawa.jp/
473626,八重瀬町,http://www.town.yaese.okinawa.jp/
473758,多良間村,http://www.vill.tarama.okinawa.jp/
473812,竹富町,https://www.town.taketomi.lg.jp/
473821,与那国町,http://www.town.yonaguni.okinawa.jp/
